timestamp,open,high,low,close,volume
2022-07-16,20823.06,21582.71,20475.94,21189.68,24302954056
2022-07-17,21189.23,21667.1,20750.1,20791.74,22927802083
2022-07-18,20791.74,22777.0,20755.95,22427.56,39974475562
2022-07-19,22434.97,23800.0,21578.57,23395.06,48765202697
2022-07-20,23398.46,24287.13,22899.0,23226.99,42932549127
2022-07-21,23225.24,23434.65,22340.07,23153.96,33631012204
2022-07-22,23152.76,23763.55,22505.56,22687.68,31421555646
2022-07-23,22688.85,23006.16,21941.01,22450.69,24021799169
2022-07-24,22451.36,23036.46,22263.85,22583.43,23565495303
2022-07-25,22583.37,22665.74,21254.97,21313.41,35574561406
2022-07-26,21312.06,21344.43,20715.0,21261.57,28624673855
2022-07-27,21260.22,23110.73,21045.73,22962.59,31758955233
2022-07-28,22960.74,24206.11,22580.86,23851.7,40212386158
2022-07-29,23851.66,24450.0,23429.71,23784.5,35887249746
2022-07-30,23787.84,24666.0,23516.11,23650.13,28148218301
2022-07-31,23648.15,24192.18,23240.01,23307.44,23553591896
2022-08-01,23307.44,23518.89,22850.0,23273.86,25849159141
2022-08-02,23273.85,23464.97,22659.06,22989.4,28389250717
2022-08-03,22994.78,23650.96,22694.56,22825.0,26288169966
2022-08-04,22824.88,23234.29,22392.88,22623.94,25120229769
2022-08-05,22624.44,23478.58,22589.83,23320.81,28881249043
2022-08-06,23320.71,23357.19,22917.49,22960.93,15978259885
2022-08-07,22960.86,23405.02,22852.13,23177.39,15886817043
2022-08-08,23180.26,24251.08,23158.32,23815.65,28575544847
2022-08-09,23815.68,23929.35,22871.66,23158.27,23555719219
2022-08-10,23158.32,24224.67,22666.23,23962.18,32837431722
2022-08-11,23959.3,24929.99,23862.66,23944.86,37127036580
2022-08-12,23944.85,24463.01,23600.01,24415.18,27265804688
2022-08-13,24415.08,24898.91,24302.36,24456.49,22987346289
2022-08-14,24456.17,25054.1,24151.63,24316.71,22994133555
2022-08-15,24316.58,25214.57,23777.0,24097.82,35123501685
2022-08-16,24099.7,24253.98,23668.0,23857.93,27753685646
2022-08-17,23857.89,24448.49,23180.14,23341.17,30931623076
2022-08-18,23344.42,23600.0,23107.27,23189.46,23747613147
2022-08-19,23188.94,23206.76,20782.39,20834.94,40509610260
2022-08-20,20834.94,21372.93,20760.93,21139.23,27595671000
2022-08-21,21139.22,21795.08,21067.33,21518.62,23102307723
2022-08-22,21514.45,21540.0,20889.69,21398.25,31666498758
2022-08-23,21396.37,21679.52,20889.69,21528.34,31878280659
2022-08-24,21526.74,21925.0,21147.41,21367.12,31962253368
2022-08-25,21367.12,21818.32,21307.32,21561.86,31028679593
2022-08-26,21561.49,21878.05,20112.78,20240.72,42326789564
2022-08-27,20240.63,20389.14,19800.0,20036.69,30116729776
2022-08-28,20035.3,20164.26,19513.74,19554.03,24366810591
2022-08-29,19552.31,20427.19,19545.57,20286.97,32637854078
2022-08-30,20286.95,20582.64,19540.14,19813.17,34483360283
2022-08-31,19813.97,20489.0,19799.97,20048.26,33225232872
2022-09-01,20048.27,20205.53,19561.01,20133.65,30182031010
2022-09-02,20132.67,20444.0,19755.0,19953.74,29123998928
2022-09-03,19953.4,20053.9,19655.0,19835.47,23613051457
2022-09-04,19833.59,20026.2,19588.27,20004.73,25245861652
2022-09-05,20003.85,20060.0,19633.11,19794.58,28813460025
2022-09-06,19794.59,20179.86,18663.25,18790.91,43403978910
2022-09-07,18790.77,19466.09,18527.0,19293.52,35239757134
2022-09-08,19293.03,19460.7,19014.43,19321.87,32194477850
2022-09-09,19322.56,21616.21,19294.49,21364.5,48469528171
2022-09-10,21366.61,21815.15,21127.1,21651.52,36913738894
2022-09-11,21656.03,21865.66,21356.37,21831.72,34493951963
2022-09-12,21830.16,22490.05,21555.0,22402.71,50212088965
2022-09-13,22402.58,22800.0,19855.0,20174.78,51091116622
2022-09-14,20174.78,20545.0,19625.0,20227.77,37872380889
2022-09-15,20227.7,20336.42,19500.0,19703.67,36389011503
2022-09-16,19703.65,19890.95,19305.0,19801.04,30123362273
2022-09-17,19800.26,20183.14,19748.89,20113.37,24957448100
2022-09-18,20113.37,20119.08,19335.57,19417.64,31254779144
2022-09-19,19417.56,19689.62,18255.0,19540.38,40177002624
2022-09-20,19538.31,19638.46,18722.0,18876.91,36791346508
2022-09-21,18876.14,19949.97,18153.13,18462.64,46363793975
2022-09-22,18462.66,19521.8,18358.63,19401.25,41135767926
2022-09-23,19399.93,19500.0,18529.0,19286.01,38896078052
2022-09-24,19286.03,19311.4,18808.13,18923.2,26149643168
2022-09-25,18920.93,19184.3,18619.88,18808.61,23359966112
2022-09-26,18806.3,19320.86,18681.02,19228.0,44148798321
2022-09-27,19226.94,20383.15,18821.55,19077.57,58571439619
2022-09-28,19077.56,19773.67,18487.0,19412.07,53071298734
2022-09-29,19412.37,19646.66,18845.3,19595.57,41037843771
2022-09-30,19595.59,20182.72,19154.38,19426.11,43975248085
2022-10-01,19423.57,19486.43,19160.0,19315.27,18719537670
2022-10-02,19315.26,19398.94,18923.81,19059.17,20765955327
2022-10-03,19059.1,19717.67,18958.29,19633.46,30484729489
2022-10-04,19632.43,20479.43,19495.32,20345.19,35887278685
2022-10-05,20345.27,20371.15,19750.0,20161.62,33223790572
2022-10-06,20162.15,20455.79,19855.19,19965.64,34711412966
2022-10-07,19963.75,20065.26,19325.0,19533.05,29227315390
2022-10-08,19531.68,19628.78,19250.0,19419.39,16437423167
2022-10-09,19421.49,19563.28,19321.0,19443.47,16837262532
2022-10-10,19442.7,19528.04,19028.08,19132.83,27425022774
2022-10-11,19130.8,19265.69,18855.19,19058.11,28711532910
2022-10-12,19058.42,19235.26,18971.51,19155.92,24950173846
2022-10-13,19153.97,19509.23,18131.0,19378.65,44219840004
2022-10-14,19375.55,19954.14,19076.83,19178.0,38452356727
2022-10-15,19179.15,19229.12,18983.0,19070.24,16192235532
2022-10-16,19070.62,19425.49,19065.23,19264.44,17988916650
2022-10-17,19261.62,19679.46,19154.72,19550.4,27472552998
2022-10-18,19550.39,19702.73,19091.77,19328.76,30580012344
2022-10-19,19328.75,19361.0,19062.1,19124.18,22425387184
2022-10-20,19123.77,19349.04,18905.0,19042.48,24493974420
2022-10-21,19043.66,19254.52,18659.0,19166.45,32459287866
2022-10-22,19164.92,19257.66,19110.46,19209.1,16104440957
2022-10-23,19209.09,19698.1,19070.92,19572.44,22128794335
2022-10-24,19572.2,19603.57,19159.35,19330.41,30202235805
2022-10-25,19332.11,20420.88,19240.76,20086.28,47761524910
2022-10-26,20086.27,21022.81,20055.85,20775.4,58895950537
2022-10-27,20773.59,20878.17,20196.01,20296.97,49625110402
2022-10-28,20295.77,20755.09,20000.0,20597.91,43994715910
2022-10-29,20597.34,21080.0,20561.2,20823.53,40369840645
2022-10-30,20822.38,20939.35,20523.92,20630.68,31486345556
2022-10-31,20629.21,20837.68,20237.0,20489.94,45668466815
2022-11-01,20489.55,20691.0,20326.55,20479.63,39819303159
2022-11-02,20480.34,20805.0,20059.53,20151.4,55552169483
2022-11-03,20151.29,20390.82,20032.02,20206.88,43228750179
2022-11-04,20208.02,21298.76,20181.61,21144.2,64072727950
2022-11-05,21149.03,21478.8,21082.54,21300.45,37846047609
2022-11-06,21300.45,21365.89,20886.26,20909.17,35082693210
2022-11-07,20908.15,21069.46,20394.34,20593.49,53510852236
2022-11-08,20593.34,20675.0,17500.0,18550.25,118992465607
2022-11-09,18546.07,18590.34,15512.0,15891.96,102905151606
2022-11-10,15894.77,18140.62,15720.0,17553.89,83202283721
2022-11-11,17555.44,17641.32,16336.05,17013.62,55871616488
2022-11-12,17014.78,17067.7,16595.25,16783.33,29717699419
2022-11-13,16783.32,16926.57,16214.95,16301.39,27209183682
2022-11-14,16298.75,17169.68,15790.25,16590.73,49630243054
2022-11-15,16588.41,17107.88,16502.85,16877.93,36599436183
2022-11-16,16879.37,16994.31,16358.66,16645.24,33925512989
2022-11-17,16646.58,16736.7,16396.0,16680.47,27868914022
2022-11-18,16680.47,16984.08,16526.28,16680.59,26862218609
2022-11-19,16678.85,16802.0,16534.83,16683.02,16106223492
2022-11-20,16680.7,16733.19,16154.65,16252.53,21313378652
2022-11-21,16252.43,16279.99,15460.0,15760.14,37429485518
2022-11-22,15758.96,16294.5,15596.22,16199.71,30726828760
2022-11-23,16201.15,16700.0,16142.99,16587.0,32958875628
2022-11-24,16585.83,16797.28,16450.62,16587.61,26129037414
2022-11-25,16587.6,16610.08,16333.0,16510.9,18678255976
2022-11-26,16510.9,16693.18,16376.1,16450.93,18000008764
2022-11-27,16450.32,16589.43,16395.0,16419.88,20443898509
2022-11-28,16421.63,16478.32,15992.64,16206.3,27743025156
2022-11-29,16206.23,16541.72,16092.53,16438.0,23581685468
2022-11-30,16437.94,17259.37,16423.37,17167.33,29523576583
2022-12-01,17165.44,17317.8,16855.0,16980.08,22895392882
2022-12-02,16980.07,17108.25,16791.02,17094.71,19539705127
2022-12-03,17094.25,17158.42,16863.58,16888.53,16217776704
2022-12-04,16889.17,17199.99,16882.86,17108.9,16824520830
2022-12-05,17108.9,17424.59,16865.22,16966.05,22209086834
2022-12-06,16966.05,17111.35,16904.04,17089.05,19889922369
2022-12-07,17089.18,17140.22,16679.52,16840.0,19675404389
2022-12-08,16839.76,17300.59,16738.0,17226.01,20496603770
2022-12-09,17226.03,17352.62,17060.69,17130.59,20328426366
2022-12-10,17130.49,17227.64,17093.42,17128.1,12706781969
2022-12-11,17128.1,17271.92,17073.19,17085.21,14122486832
2022-12-12,17085.62,17244.63,16875.83,17211.66,19617581341
2022-12-13,17212.9,17999.99,17089.17,17773.18,26634741631
2022-12-14,17772.98,18385.36,17660.93,17804.97,25534481470
2022-12-15,17805.36,17856.26,17275.02,17357.96,20964448341
2022-12-16,17359.1,17525.0,16529.53,16632.64,24031608960
2022-12-17,16634.29,16799.99,16585.64,16782.25,14463581825
2022-12-18,16782.23,16875.0,16663.76,16741.16,10924354698
2022-12-19,16742.33,16822.84,16273.4,16439.74,17221074814
2022-12-20,16439.98,17060.86,16398.22,16897.65,22722096615
2022-12-21,16896.17,16926.05,16725.78,16826.56,14882945045
2022-12-22,16825.18,16868.82,16560.84,16815.51,16441573050
2022-12-23,16815.28,16943.29,16719.57,16777.21,15329265213
2022-12-24,16777.88,16863.62,16775.88,16837.12,9744636213
2022-12-25,16837.24,16853.88,16720.89,16829.02,11656379938
2022-12-26,16829.19,16939.81,16787.97,16917.96,11886957804
2022-12-27,16916.66,16967.0,16585.97,16698.73,15748580239
2022-12-28,16698.31,16777.35,16460.0,16539.66,17005713920
2022-12-29,16539.66,16654.81,16479.5,16627.54,14472237479
2022-12-30,16627.36,16649.99,16326.16,16600.1,15929162910
2022-12-31,16599.98,16634.42,16462.49,16530.35,11239186456
2023-01-01,16531.83,16621.0,16490.0,16611.58,9244361700
2023-01-02,16611.9,16789.99,16542.52,16666.95,12097775227
2023-01-03,16666.86,16772.3,16600.0,16669.47,13903079207
2023-01-04,16668.95,16988.0,16645.87,16844.42,18421743322
2023-01-05,16844.4,16872.13,16750.07,16825.69,13692758566
2023-01-06,16825.53,17027.11,16670.82,16948.06,14413662913
2023-01-07,16948.0,16977.76,16903.58,16942.37,7714767174
2023-01-08,16942.37,17167.52,16910.41,17125.18,9768827914
2023-01-09,17125.17,17396.25,17102.97,17177.98,18624736866
2023-01-10,17177.94,17494.37,17145.1,17443.5,15808338949
2023-01-11,17443.5,17998.0,17315.08,17944.27,18372283782
2023-01-12,17944.15,19115.85,17904.83,18847.75,34971338710
2023-01-13,18847.77,20000.0,18714.8,19934.88,29225029694
2023-01-14,19934.07,21321.98,19893.25,20957.02,38967784639
2023-01-15,20956.2,21057.3,20560.16,20879.7,19298407543
2023-01-16,20879.67,21465.62,20611.45,21187.5,26792494050
2023-01-17,21191.46,21595.0,20844.73,21136.33,24999983362
2023-01-18,21135.01,21650.21,20370.01,20674.29,30005625418
2023-01-19,20674.03,21197.0,20656.52,21084.22,21152848261
2023-01-20,21084.05,22754.73,20865.64,22669.81,28799154319
2023-01-21,22671.09,23375.6,22432.45,22789.37,32442278429
2023-01-22,22789.34,23082.82,22298.15,22714.87,24746386230
2023-01-23,22714.81,23180.55,22500.01,22920.29,26518700512
2023-01-24,22920.67,23165.56,22460.17,22636.17,26405069715
2023-01-25,22636.19,23824.66,22326.24,23062.36,30685366709
2023-01-26,23062.36,23287.38,22853.61,23010.47,26357839322
2023-01-27,23011.37,23511.9,22540.76,23084.4,25383335641
2023-01-28,23084.38,23196.99,22884.0,23028.95,14712928379
2023-01-29,23029.56,23966.0,22974.75,23745.8,27423687259
2023-01-30,23744.34,23802.99,22500.0,22836.03,27205595568
2023-01-31,22836.03,23313.23,22719.68,23128.86,22837828665
2023-02-01,23127.15,23813.57,22760.0,23735.97,26683255504
2023-02-02,23735.97,24262.18,23367.87,23493.84,32066936882
2023-02-03,23497.29,23720.0,23208.01,23433.54,27083066007
2023-02-04,23433.47,23589.67,23257.71,23328.87,15639298538
2023-02-05,23329.47,23433.2,22758.01,22936.34,19564262605
2023-02-06,22936.34,23163.05,22637.51,22764.07,23825006542
2023-02-07,22763.42,23348.73,22748.11,23244.67,27187964471
2023-02-08,23244.64,23451.01,22669.09,22964.38,25371367758
2023-02-09,22963.91,23011.18,21700.0,21800.63,32572572185
2023-02-10,21800.62,21942.41,21467.43,21628.97,27078406594
2023-02-11,21628.97,21904.0,21605.35,21863.73,16356226232
2023-02-12,21863.73,22091.88,21631.0,21789.8,17821046406
2023-02-13,21789.79,21903.03,21366.45,21789.14,23918742607
2023-02-14,21789.0,22331.76,21545.67,22206.27,26792596581
2023-02-15,22206.26,24386.5,22054.17,24329.04,32483312909
2023-02-16,24326.95,25256.83,23510.73,23516.15,39316664596
2023-02-17,23516.95,25025.0,23344.12,24577.6,41358451255
2023-02-18,24577.6,24879.33,24407.67,24636.23,19625427158
2023-02-19,24635.85,25200.0,24192.7,24281.31,25555105670
2023-02-20,24278.81,25128.11,23841.08,24844.97,28987376573
2023-02-21,24844.21,25288.88,24153.96,24454.43,31252098714
2023-02-22,24454.08,24480.0,23581.64,24184.44,30199996781
2023-02-23,24184.9,24600.95,23612.59,23943.32,30476264066
2023-02-24,23943.32,24132.67,22520.0,23186.88,26811744928
2023-02-25,23186.88,23220.56,22716.47,23159.71,16100721565
2023-02-26,23159.71,23689.77,23052.78,23556.83,16644534842
2023-02-27,23556.83,23895.51,23109.06,23489.52,22660763494
2023-02-28,23490.01,23597.98,23027.24,23145.32,20535363434
2023-03-01,23144.37,23999.99,23025.17,23631.52,24662841200
2023-03-02,23632.12,23798.62,23196.09,23468.24,20386398516
2023-03-03,23468.79,23477.28,21988.02,22358.18,26062404610
2023-03-04,22358.18,22409.82,22150.71,22350.95,11166012913
2023-03-05,22349.74,22654.64,22195.13,22432.69,13317001733
2023-03-06,22431.99,22599.99,22264.73,22410.31,17353192895
2023-03-07,22410.13,22557.03,21932.74,22198.48,22765452204
2023-03-08,22198.09,22281.55,21580.84,21698.37,22536575684
2023-03-09,21699.41,21825.53,20050.0,20367.01,30364664171
2023-03-10,20366.97,20369.78,19568.52,20230.08,39578257695
2023-03-11,20230.07,20964.5,19900.5,20620.54,30180288176
2023-03-12,20619.34,22276.69,20446.24,22219.08,29279035521
2023-03-13,22216.02,24710.0,21882.63,24220.0,49466362688
2023-03-14,24220.0,26553.9,24052.0,24762.65,54622230164
2023-03-15,24761.61,25300.0,23931.01,24377.16,43655701450
2023-03-16,24377.16,25235.28,24207.54,25051.85,33866061747
2023-03-17,25052.11,27834.54,24946.86,27453.62,50730261335
2023-03-18,27453.75,27780.0,26652.45,26980.35,35723036817
2023-03-19,26980.35,28478.0,26904.0,28054.46,37769448859
2023-03-20,28058.15,28578.63,27218.36,27823.32,44774027664
2023-03-21,27822.85,28605.32,27414.77,28207.33,36102192830
2023-03-22,28201.22,28937.73,26678.16,27325.15,33382021890
2023-03-23,27324.05,28839.68,27189.19,28352.94,24220433689
2023-03-24,28352.95,28433.34,27027.88,27489.24,25980310960
2023-03-25,27489.24,27818.67,27184.78,27488.18,13383005987
2023-03-26,27489.56,28230.32,27445.04,27992.9,13878363192
2023-03-27,27995.27,28053.26,26525.0,27142.87,18188895178
2023-03-28,27142.85,27519.99,26640.0,27274.15,17783600385
2023-03-29,27274.18,28654.06,27255.42,28359.54,20684945906
2023-03-30,28359.54,29190.04,27693.7,28035.48,22435349951
2023-03-31,28034.88,28650.2,27512.97,28474.4,19001327598
2023-04-01,28475.41,28826.45,28223.76,28471.46,10876469901
2023-04-02,28471.03,28544.21,27862.69,28188.34,12284641999
2023-04-03,28188.34,28525.0,27227.61,27811.77,19556501327
2023-04-04,27809.55,28450.0,27670.24,28179.64,15284538859
2023-04-05,28178.66,28799.99,27817.32,28175.37,17052315986
2023-04-06,28175.27,28199.11,27716.77,28053.46,13837809380
2023-04-07,28052.74,28120.71,27790.21,27931.94,10861680497
2023-04-08,27930.12,28175.89,27881.01,27958.81,9373255556
2023-04-09,27958.19,28547.67,27814.0,28340.99,12175322951
2023-04-10,28342.28,29794.47,28162.49,29660.41,19282400094
2023-04-11,29657.7,30584.58,29612.3,30227.19,20121259843
2023-04-12,30227.18,30517.0,29675.0,29912.2,18651929926
2023-04-13,29912.2,30627.05,29878.08,30406.78,17487721001
2023-04-14,30410.03,31050.0,30000.0,30492.92,22659995079
2023-04-15,30492.91,30622.38,30231.76,30324.11,11940685378
2023-04-16,30325.07,30572.1,30148.28,30326.09,12854816417
2023-04-17,30321.41,30340.21,29251.71,29449.91,17872186762
2023-04-18,29449.91,30500.0,29103.89,30393.4,19480529496
2023-04-19,30394.5,30430.72,28595.28,28809.72,24571565421
2023-04-20,28809.71,29102.69,27991.32,28248.18,21340360360
2023-04-21,28248.18,28371.88,27133.0,27253.85,20759504330
2023-04-22,27252.96,27887.78,27133.0,27821.41,13125734602
2023-04-23,27820.99,27820.99,27333.2,27592.98,12785446832
2023-04-24,27592.7,28000.0,26965.14,27515.05,17703288330
2023-04-25,27513.85,28400.0,27194.51,28304.42,17733373139
2023-04-26,28304.42,30050.66,27230.77,28426.08,31854242019
2023-04-27,28428.86,29900.0,28387.07,29483.72,27153445027
2023-04-28,29486.97,29606.45,28900.0,29338.63,17544464887
2023-04-29,29339.47,29470.0,29057.3,29249.35,10662634333
2023-04-30,29249.24,29969.99,29095.92,29247.14,14652199272
2023-05-01,29240.49,29348.6,27664.31,28077.27,18655599976
2023-05-02,28077.44,28899.99,27871.44,28684.4,16432924527
2023-05-03,28683.41,29276.12,28122.0,29038.75,19122972518
2023-05-04,29039.36,29383.5,28674.58,28857.23,15548678514
2023-05-05,28857.88,29706.57,28810.0,29536.76,17936566518
2023-05-06,29538.87,29850.0,28394.0,28902.66,15913866714
2023-05-07,28901.3,29189.71,28429.12,28474.53,11301355486
2023-05-08,28472.68,28676.38,27279.66,27695.06,19122903752
2023-05-09,27693.24,27833.64,27367.01,27647.29,14128593256
2023-05-10,27647.29,28334.75,26800.0,27624.01,20656025026
2023-05-11,27621.5,27649.85,26702.0,26986.56,16724343943
2023-05-12,26986.79,27099.21,25810.0,26808.84,19313599897
2023-05-13,26808.8,27060.24,26700.0,26789.48,9999171605
2023-05-14,26786.99,27221.51,26581.52,26929.98,10014858959
2023-05-15,26929.98,27678.73,26740.95,27171.13,14413231792
2023-05-16,27165.26,27302.99,26860.12,27037.68,12732238816
2023-05-17,27037.72,27516.58,26543.87,27407.77,15140006925
2023-05-18,27407.76,27487.71,26361.52,26820.49,15222938600
2023-05-19,26819.64,27190.35,26632.73,26890.27,11258983301
2023-05-20,26890.27,27178.99,26836.21,27113.61,7044911360
2023-05-21,27113.97,27288.02,26667.63,26752.65,8647416921
2023-05-22,26751.0,27105.63,26536.99,26854.73,11056770492
2023-05-23,26854.09,27500.0,26803.46,27223.22,13697203143
2023-05-24,27222.86,27225.0,26070.04,26321.4,16299104428
2023-05-25,26321.42,26625.93,25864.35,26479.06,13851122697
2023-05-26,26479.15,26950.0,26334.33,26714.86,12711619225
2023-05-27,26711.56,26943.6,26559.96,26867.99,7892015141
2023-05-28,26870.13,28277.56,26780.11,28070.04,14545229578
2023-05-29,28070.04,28473.93,27534.81,27744.82,15181308984
2023-05-30,27744.81,28057.23,27555.0,27700.15,13251081851
2023-05-31,27700.68,27844.89,26842.94,27223.08,15656371534
2023-06-01,27221.54,27360.31,26615.0,26828.42,14678970415
2023-06-02,26827.73,27307.44,26508.0,27250.69,14837415000
2023-06-03,27252.67,27341.13,26923.35,27077.6,8385597470
2023-06-04,27078.27,27466.83,26958.98,27122.04,9360912318
2023-06-05,27122.03,27137.75,25391.43,25741.5,21513292646
2023-06-06,25741.5,27368.67,25351.92,27243.63,21929670693
2023-06-07,27243.45,27402.79,26121.06,26346.41,19530045082
2023-06-08,26347.09,26820.3,26212.63,26508.32,11904824295
2023-06-09,26505.71,26780.4,26283.5,26482.81,11015551640
2023-06-10,26482.8,26534.95,25385.52,25856.1,19872933189
2023-06-11,25856.1,26219.1,25648.0,25937.02,10732609603
2023-06-12,25936.98,26108.64,25616.98,25905.82,11677889997
2023-06-13,25905.99,26435.81,25710.78,25930.23,14143474486
2023-06-14,25929.35,26090.0,24821.0,25123.34,14265717766
2023-06-15,25123.41,25749.99,24750.0,25569.99,15837384409
2023-06-16,25569.99,26486.56,25143.24,26329.6,16324646965
2023-06-17,26329.6,26783.2,26165.98,26506.56,11090276850
2023-06-18,26507.97,26693.11,26245.27,26336.46,9565695129
2023-06-19,26336.46,27040.64,26250.0,26837.78,12826986222
2023-06-20,26839.04,28417.11,26637.41,28320.43,22211859147
2023-06-21,28320.41,30800.0,28271.67,29995.08,33346760979
2023-06-22,29999.85,30513.25,29539.57,29886.31,20653160491
2023-06-23,29886.25,31443.67,29802.65,30707.61,24115570085
2023-06-24,30709.59,30815.92,30265.88,30547.18,12147822496
2023-06-25,30547.3,31057.86,30288.33,30480.24,12703464114
2023-06-26,30480.24,30662.66,29900.0,30272.18,16493186997
2023-06-27,30272.24,31020.54,30228.44,30697.38,16428827944
2023-06-28,30696.06,30716.93,29840.0,30074.94,14571500779
2023-06-29,30074.93,30838.0,30036.18,30446.47,13180860821
2023-06-30,30445.67,31277.0,29417.14,30466.72,26387306197
2023-07-01,30466.73,30659.33,30312.8,30587.21,9086606733
2023-07-02,30587.22,30791.75,30165.39,30613.51,10533418042
2023-07-03,30613.57,31399.08,30569.0,31161.8,15271884873
2023-07-04,31162.71,31333.0,30628.3,30771.25,12810828427
2023-07-05,30772.93,30882.95,30189.56,30499.27,12481622280
2023-07-06,30499.27,31525.1,29850.0,29899.38,21129219509
2023-07-07,29895.6,30456.0,29715.87,30352.08,13384770155
2023-07-08,30350.35,30388.91,30047.78,30291.69,7509378699
2023-07-09,30291.69,30451.78,30066.95,30168.38,7903327692
2023-07-10,30168.26,31055.75,29955.0,30419.89,14828209155
2023-07-11,30419.89,30811.65,30304.45,30626.55,12151839152
2023-07-12,30624.65,31000.0,30200.0,30381.81,14805659717
2023-07-13,30383.26,31862.21,30250.73,31471.83,23686079548
2023-07-14,31471.83,31645.66,29920.31,30330.52,20917902660
2023-07-15,30330.93,30406.27,30254.67,30301.65,8011667756
2023-07-16,30302.01,30457.03,30075.93,30247.64,8516564470
2023-07-17,30247.56,30345.45,29668.58,30143.08,13240156074
2023-07-18,30143.08,30249.3,29525.0,29861.93,13138897269
2023-07-19,29861.92,30196.24,29757.44,29916.72,12128602812
2023-07-20,29916.69,30421.29,29564.19,29809.13,14655207121
2023-07-21,29809.13,30060.28,29729.48,29907.98,10972789818
2023-07-22,29907.15,30002.38,29626.86,29795.03,7873300598
2023-07-23,29793.62,30350.7,29733.55,30081.61,9220145050
2023-07-24,30081.61,30099.99,28850.0,29176.98,15395817395
2023-07-25,29176.98,29376.51,29046.0,29225.14,10266772793
2023-07-26,29225.11,29686.41,29089.54,29353.23,13497554655
2023-07-27,29350.88,29571.42,29075.0,29214.92,10770779217
2023-07-28,29214.93,29532.45,29115.32,29316.15,11218474952
2023-07-29,29316.05,29411.09,29253.44,29355.71,6481775959
2023-07-30,29356.65,29450.0,29033.0,29281.39,8678454527
2023-07-31,29280.41,29526.99,29102.65,29230.67,11656781982
2023-08-01,29230.61,29726.73,28477.0,29697.27,18272392391
2023-08-02,29699.25,30033.0,28903.79,29164.22,19212655598
2023-08-03,29163.87,29399.97,28938.93,29174.18,12780357746
2023-08-04,29174.84,29312.28,28747.1,29076.48,12036639988
2023-08-05,29077.04,29111.87,28946.17,29047.12,6598366353
2023-08-06,29047.33,29163.24,28955.0,29040.01,7269806994
2023-08-07,29040.01,29246.0,28660.53,29179.21,13618163710
2023-08-08,29179.28,30222.0,29104.65,29770.01,17570561357
2023-08-09,29770.01,30128.88,29344.16,29562.76,18379521213
2023-08-10,29562.76,29709.38,29306.0,29424.03,11865344789
2023-08-11,29424.04,29534.14,29213.59,29400.45,10195168197
2023-08-12,29400.45,29477.31,29349.98,29416.96,6194358008
2023-08-13,29417.19,29447.6,29247.15,29275.94,7329897180
2023-08-14,29275.78,29665.27,29072.96,29405.49,14013695304
2023-08-15,29405.49,29464.62,29046.58,29170.14,12640195779
2023-08-16,29170.13,29231.92,28690.37,28700.51,14949271904
2023-08-17,28700.51,28751.84,25234.76,26627.57,31120851211
2023-08-18,26627.21,26834.37,25610.0,26048.89,24026236529
2023-08-19,26048.9,26269.11,25793.11,26096.42,10631443812
2023-08-20,26096.4,26296.78,25975.01,26189.14,9036580420
2023-08-21,26189.36,26260.25,25814.0,26125.18,13371557893
2023-08-22,26125.16,26137.99,25350.0,26042.11,14503820706
2023-08-23,26041.94,26818.28,25796.47,26427.54,16985265785
2023-08-24,26427.73,26567.38,25850.0,26163.49,12871532023
2023-08-25,26163.49,26294.53,25750.0,26049.39,12406045118
2023-08-26,26049.4,26115.44,25971.44,26009.61,6034817316
2023-08-27,26009.62,26171.87,25961.81,26091.16,6913768611
2023-08-28,26091.16,26232.88,25850.0,26101.04,11002805166
2023-08-29,26101.03,28184.89,25903.18,27717.98,29368391712
2023-08-30,27717.15,27775.0,27015.75,27306.06,16343655235
2023-08-31,27306.06,27576.99,25660.61,25932.45,20181001451
2023-09-01,25931.51,26142.28,25307.37,25794.88,17202862221
2023-09-02,25795.61,25982.48,25707.3,25867.83,10100387473
2023-09-03,25867.82,26123.0,25792.29,25969.83,8962524523
2023-09-04,25969.83,26093.07,25627.0,25816.13,10680635106
2023-09-05,25816.14,25884.04,25551.36,25783.91,11094740040
2023-09-06,25782.49,26025.78,25358.0,25747.63,12752705327
2023-09-07,25747.63,26440.55,25595.8,26276.3,11088307100
2023-09-08,26276.38,26460.41,25640.1,25906.34,10817356400
2023-09-09,25906.33,25942.69,25791.45,25897.82,5481314132
2023-09-10,25897.82,26023.89,25578.01,25831.76,7899553047
2023-09-11,25831.77,25891.6,24900.0,25152.14,14600006467
2023-09-12,25152.13,26556.91,25120.76,25840.61,18657279324
2023-09-13,25839.95,26413.59,25763.43,26226.65,13072077070
2023-09-14,26227.16,26869.06,26128.25,26532.76,13811359124
2023-09-15,26532.5,26892.65,26213.96,26602.42,11479735788
2023-09-16,26601.71,26777.0,26453.32,26569.69,7402031417
2023-09-17,26569.69,26626.49,26405.04,26530.95,6774210670
2023-09-18,26530.96,27427.34,26382.13,26764.49,15615339655
2023-09-19,26764.03,27500.0,26666.93,27216.13,13807690550
2023-09-20,27216.52,27393.78,26798.98,27123.94,13281116604
2023-09-21,27122.65,27163.48,26359.7,26564.54,13371443708
2023-09-22,26564.54,26742.86,26467.94,26578.4,10578746709
2023-09-23,26578.4,26638.58,26513.0,26579.6,7404700301
2023-09-24,26579.59,26731.1,26118.86,26250.24,8192867686
2023-09-25,26248.17,26444.95,25983.78,26296.08,11997833257
2023-09-26,26296.07,26397.59,26080.0,26208.44,9985498161
2023-09-27,26208.43,26830.0,26088.37,26357.62,11718380997
2023-09-28,26357.56,27313.86,26321.37,27027.14,14079002707
2023-09-29,27027.44,27238.9,26661.71,26907.0,10396435377
2023-09-30,26905.57,27097.25,26884.86,26961.0,5331172801
2023-10-01,26961.0,28062.62,26955.25,27995.46,9503917434
2023-10-02,27995.46,28613.37,27302.3,27504.04,19793041322
2023-10-03,27504.03,27672.12,27160.47,27428.96,11407814187
2023-10-04,27428.96,27842.38,27208.65,27786.75,11143355314
2023-10-05,27786.12,28140.0,27358.05,27412.96,11877253670
2023-10-06,27413.15,28288.88,27173.41,27945.17,13492391599
2023-10-07,27945.17,28040.84,27861.2,27976.43,6553044316
2023-10-08,27976.44,28109.94,27708.6,27933.55,7916875290
2023-10-09,27933.54,28003.7,27268.63,27596.67,12007668568
2023-10-10,27596.67,27739.94,27291.81,27393.29,9973350678
2023-10-11,27393.28,27478.61,26521.32,26869.19,13648094333
2023-10-12,26867.97,26939.55,26537.72,26750.51,9392909295
2023-10-13,26752.06,27122.24,26662.62,26863.53,15165312851
2023-10-14,26863.54,26988.12,26797.0,26851.71,5388116782
2023-10-15,26851.71,27301.37,26806.06,27186.13,7098201980
2023-10-16,27186.13,30000.0,27135.92,28520.24,27833876539
2023-10-17,28520.24,28637.21,28083.19,28408.83,14872527508
2023-10-18,28408.51,28999.98,28151.6,28326.51,12724128586
2023-10-19,28326.24,28938.96,28122.57,28735.34,14448058195
2023-10-20,28734.51,30248.0,28591.85,29684.73,21536125230
2023-10-21,29684.73,30369.0,29475.06,29924.84,11541146996
2023-10-22,29925.91,30275.0,29670.0,30004.15,10446520040
2023-10-23,30004.14,35000.0,29890.89,33087.58,38363572311
2023-10-24,33079.72,35157.23,32851.45,33922.52,44934999645
2023-10-25,33921.66,35144.0,33690.91,34506.35,25254318008
2023-10-26,34504.33,34843.04,33735.86,34154.71,19427195376
2023-10-27,34153.35,34249.99,33400.0,33906.09,16418032871
2023-10-28,33905.96,34500.0,33867.38,34085.42,10160330825
2023-10-29,34085.42,34763.0,33937.31,34534.48,11160323986
2023-10-30,34534.48,34871.0,34077.9,34493.79,17184860315
2023-10-31,34493.51,34732.18,34038.79,34656.4,15758270810
2023-11-01,34656.38,35647.19,34079.46,35440.1,22446272005
2023-11-02,35440.1,35997.8,34311.73,34950.0,20998158544
2023-11-03,34947.92,34954.6,34100.0,34731.27,17158456701
2023-11-04,34730.32,35278.4,34599.85,35087.01,9561294264
2023-11-05,35087.43,35410.0,34500.0,35035.42,12412743996
2023-11-06,35035.79,35294.12,34753.66,35059.46,12693436420
2023-11-07,35059.46,35963.0,34530.67,35416.28,18834737789
2023-11-08,35416.63,36113.59,35103.14,35639.13,17295394918
2023-11-09,35639.13,37999.0,35555.16,36706.59,37762672382
2023-11-10,36704.01,37548.8,36334.46,37324.83,22711265155
2023-11-11,37324.84,37424.03,36701.5,37139.12,13924272142
2023-11-12,37139.94,37247.0,36740.9,37086.03,11545715999
2023-11-13,37086.5,37442.48,36351.0,36475.67,19057712790
2023-11-14,36475.68,36756.16,34758.64,35554.09,23857403554
2023-11-15,35554.1,37987.0,35358.45,37885.35,27365821679
2023-11-16,37885.35,37958.75,35511.11,36161.15,26007385366
2023-11-17,36161.15,36831.99,35869.0,36630.38,22445028430
2023-11-18,36631.56,36857.15,36205.89,36594.89,11886022717
2023-11-19,36596.14,37546.62,36404.52,37391.19,12915986553
2023-11-20,37389.06,37784.07,36720.0,37475.64,20888209068
2023-11-21,37472.76,37675.77,35744.9,35751.89,25172163756
2023-11-22,35755.33,37875.0,35633.0,37424.31,24397247860
2023-11-23,37424.31,37653.67,36888.0,37304.05,14214948217
2023-11-24,37304.04,38454.0,37257.56,37745.84,22922957823
2023-11-25,37746.29,37920.27,37615.91,37805.99,9099571165
2023-11-26,37806.84,37842.17,37156.72,37462.79,13744796068
2023-11-27,37462.01,37578.42,36715.1,37241.63,19002925720
2023-11-28,37241.64,38425.96,36873.55,37838.26,21696137014
2023-11-29,37838.26,38480.0,37581.93,37863.84,20728546658
2023-11-30,37864.79,38152.18,37500.0,37732.27,18115982627
2023-12-01,37732.27,39000.0,37618.25,38703.54,23512784002
2023-12-02,38706.55,39740.0,38660.03,39478.95,15534035612
2023-12-03,39467.42,40221.22,39293.02,39984.81,15769696322
2023-12-04,39984.81,42410.46,39983.6,41987.24,39856129827
2023-12-05,41985.53,45000.0,41384.03,44084.39,36312154535
2023-12-06,44086.33,44290.37,43369.0,43764.05,29909761586
2023-12-07,43766.41,44057.23,42846.53,43280.95,27635760671
2023-12-08,43281.11,44754.99,43087.17,44192.87,24421116687
2023-12-09,44192.86,44384.68,43586.14,43723.25,17368210171
2023-12-10,43722.84,44049.51,43562.06,43793.68,13000481418
2023-12-11,43793.67,43811.81,40150.0,41229.61,40632672038
2023-12-12,41229.61,42088.56,40636.51,41477.39,24779520132
2023-12-13,41477.6,43475.0,40553.15,42885.54,26797884674
2023-12-14,42887.39,43442.15,41426.76,43027.77,25578530178
2023-12-15,43027.77,43095.71,41640.51,41933.89,19639442462
2023-12-16,41934.84,42680.2,41626.66,42237.29,14386729590
2023-12-17,42235.23,42367.82,41222.0,41349.59,16678702876
2023-12-18,41349.59,42754.79,40508.01,42650.01,25224642008
2023-12-19,42650.01,43461.86,41780.0,42266.22,23171001281
2023-12-20,42266.25,44324.86,42184.48,43674.77,27868908174
2023-12-21,43673.11,44250.0,43295.78,43875.32,22452766169
2023-12-22,43875.56,44424.36,43412.82,44013.73,21028503216
2023-12-23,44013.65,44033.84,43333.35,43726.35,13507796558
2023-12-24,43728.36,43985.67,42614.17,43025.03,18830554085
2023-12-25,43025.02,43818.29,42755.35,43589.67,21115795370
2023-12-26,43589.67,43605.0,41600.67,42515.53,30026850982
2023-12-27,42521.21,43709.98,42111.47,43474.4,25260941032
2023-12-28,43469.06,43830.34,42265.08,42581.23,22992093014
2023-12-29,42581.23,43137.1,41300.0,42063.45,26000021055
2023-12-30,42064.22,42593.73,41518.19,42141.03,16013925945
2023-12-31,42139.32,42850.0,41964.68,42288.06,16397498810
2024-01-01,42288.58,44240.8,42175.65,44220.78,18426978443
2024-01-02,44220.78,45925.82,44195.13,44972.8,39335274536
2024-01-03,44972.81,45519.32,40625.68,42862.44,46342323118
2024-01-04,42860.58,44800.0,42650.0,44193.29,30448091210
2024-01-05,44198.35,44443.37,42450.0,44186.59,32336029347
2024-01-06,44187.76,44260.95,43436.5,43992.44,16092503468
2024-01-07,43992.79,44510.01,43629.7,43950.28,19330573863
2024-01-08,43954.52,47330.0,43200.44,46995.1,42746192015
2024-01-09,46995.09,47901.0,44701.54,46124.08,39821290992
2024-01-10,46120.79,47732.5,44320.01,46666.11,50114613298
2024-01-11,46678.54,49102.29,45555.55,46342.66,45833734549
2024-01-12,46344.96,46522.2,41444.97,42773.03,43332698900
2024-01-13,42775.1,43250.0,42427.0,42839.33,20601860469
2024-01-14,42839.32,43064.13,41680.73,41697.33,17521429522
2024-01-15,41698.13,43331.91,41680.0,42490.16,22320220558
2024-01-16,42481.69,43569.23,42028.02,43130.45,24062872740
2024-01-17,43130.35,43185.47,42160.0,42739.49,20851232595
2024-01-18,42737.68,42877.22,40600.05,41293.5,25218357242
2024-01-19,41290.57,42159.52,40236.49,41624.07,25752407154
2024-01-20,41623.94,41846.15,41418.55,41666.67,11586690904
2024-01-21,41666.67,41858.59,41472.49,41554.05,9344043642
2024-01-22,41553.92,41658.0,39372.44,39524.27,31338708143
2024-01-23,39524.27,40144.49,38501.0,39878.3,29244553045
2024-01-24,39878.28,40527.26,39382.15,40077.78,22359526178
2024-01-25,40079.87,40282.87,39503.0,39941.66,18491782013
2024-01-26,39941.66,42243.14,39805.95,41814.8,25598119893
2024-01-27,41814.96,42199.99,41383.94,42126.55,11422941934
2024-01-28,42126.55,42839.07,41617.53,42034.59,16858971687
2024-01-29,42034.57,43326.77,41787.35,43306.18,20668476578
2024-01-30,43303.3,43872.99,42680.2,42942.78,23842814518
2024-01-31,42937.72,43741.94,42265.77,42548.08,24673628793
2024-02-01,42545.47,43276.19,41846.04,43078.81,21423953779
2024-02-02,43080.38,43700.0,42527.58,43181.66,18603843039
2024-02-03,43183.62,43358.13,42863.58,43010.67,11169245236
2024-02-04,43007.82,43100.0,42228.01,42568.55,14802225490
2024-02-05,42571.91,43520.0,42235.0,42657.67,18715487317
2024-02-06,42658.3,43372.79,42516.07,43095.79,16798476726
2024-02-07,43097.16,44430.0,42760.44,44343.61,21126587775
2024-02-08,44345.94,45637.38,44335.0,45305.2,26154524080
2024-02-09,45304.83,48230.02,45252.93,47160.41,39316770844
2024-02-10,47157.01,48179.43,46889.53,47767.06,16398681570
2024-02-11,47767.06,48614.0,47590.3,48316.3,19315867136
2024-02-12,48321.14,50363.42,47715.67,49941.81,34511985805
2024-02-13,49941.95,50423.42,48327.81,49725.36,35593051468
2024-02-14,49724.55,52111.0,49253.92,51858.59,39105608050
2024-02-15,51858.51,52890.0,51353.49,51934.29,38564360533
2024-02-16,51935.23,52608.2,51597.87,52162.64,28180567298
2024-02-17,52162.65,52214.05,50642.36,51666.22,20009091006
2024-02-18,51666.23,52400.0,51174.38,52153.63,17595377311
2024-02-19,52153.63,52501.01,51687.98,51787.05,21362184346
2024-02-20,51787.05,53000.0,50764.01,52277.52,33353758256
2024-02-21,52277.53,52394.91,50628.6,51851.67,28624907020
2024-02-22,51851.46,52076.0,50905.65,51258.7,25413900611
2024-02-23,51260.29,51512.68,50513.01,50747.05,21427078270
2024-02-24,50746.98,51696.19,50576.55,51570.65,15174077879
2024-02-25,51568.63,51967.82,51275.01,51731.0,15413239245
2024-02-26,51730.96,54980.0,50901.23,54533.48,34074411896
2024-02-27,54530.32,57646.81,54490.8,57077.07,49756832031
2024-02-28,57077.08,64100.0,56723.48,62518.9,83239156760
2024-02-29,62520.06,63675.48,60355.61,61179.03,65496611844
2024-03-01,61179.03,63267.18,60788.33,62436.72,40186368423
2024-03-02,62439.74,62500.0,61623.39,62045.78,23888473685
2024-03-03,62045.78,63260.0,61388.0,63154.49,26253811450
2024-03-04,63155.74,68602.98,62300.0,68360.14,70670471105
2024-03-05,68356.7,69324.58,59224.68,63800.78,102802940877
2024-03-06,63802.15,67654.06,62832.39,66122.28,68750229073
2024-03-07,66115.48,68098.09,65599.63,66938.21,46989543159
2024-03-08,66938.21,70199.0,66157.09,68289.16,59202881172
2024-03-09,68289.16,68700.41,68047.62,68480.0,21609650379
2024-03-10,68480.01,70000.0,68221.13,69032.12,35683977532
2024-03-11,69032.8,72943.98,67112.21,72110.98,65716656765
2024-03-12,72110.98,73027.63,68603.0,71475.93,62554434520
2024-03-13,71473.43,73709.99,71337.3,73135.04,48212536929
2024-03-14,73135.04,73835.57,68454.47,71364.58,59594605698
2024-03-15,71364.58,72414.96,65565.7,69506.88,78320453976
2024-03-16,69514.87,70050.0,64774.05,65254.22,46842198371
2024-03-17,65254.22,68877.82,64505.0,68343.64,44716864318
2024-03-18,68354.29,68933.71,66562.65,67613.04,49261579492
2024-03-19,67609.39,68136.39,61506.0,61906.27,74215844794
2024-03-20,61902.57,68150.0,60771.14,67858.8,66792634382
2024-03-21,67855.88,68234.56,64525.0,65484.7,44480350565
2024-03-22,65478.98,66651.1,62258.36,63814.56,41401116964
2024-03-23,63814.56,66029.09,63013.19,63998.86,24738964812
2024-03-24,63998.87,67637.6,63785.57,67204.93,27206630673
2024-03-25,67212.69,71269.92,66381.84,69890.28,42700139523
2024-03-26,69895.6,71582.96,69269.69,69992.4,36010437368
2024-03-27,69994.9,71789.85,68369.62,69435.96,40827113309
2024-03-28,69437.16,71635.99,68841.01,70801.18,34374900617
2024-03-29,70804.06,70941.7,69036.95,69903.75,25230851763
2024-03-30,69903.74,70363.25,69569.03,69626.87,17130241883
2024-03-31,69623.86,71399.91,69587.86,71288.9,20050941373
2024-04-01,71291.5,71313.8,68055.15,69681.82,34873527352
2024-04-02,69681.85,69711.0,64521.61,65464.14,50705240709
2024-04-03,65472.0,66944.06,64500.0,65987.92,34488018367
2024-04-04,65984.18,69367.19,65073.95,68525.23,34439527442
2024-04-05,68528.69,68783.99,66000.0,67856.51,33748230056
2024-04-06,67856.51,69685.0,67469.19,68919.89,19967785809
2024-04-07,68919.57,70312.0,68846.23,69350.34,21204930369
2024-04-08,69350.36,72777.0,69037.33,71622.53,37261432669
2024-04-09,71616.31,71761.37,68200.0,69117.01,36426900409
2024-04-10,69115.79,71159.6,67463.07,70634.04,38318601774
2024-04-11,70638.4,71305.86,69530.0,70020.73,30153382941
2024-04-12,70020.71,71265.74,65110.31,67148.61,44129299406
2024-04-13,67148.62,69100.0,60822.01,64024.77,52869738185
2024-04-14,64021.36,65890.91,62150.0,65777.05,49084320047
2024-04-15,65764.56,66928.82,62315.08,63452.18,43595917654
2024-04-16,63452.18,64400.0,61645.09,63814.94,42847528078
2024-04-17,63814.94,64524.14,59648.33,61279.36,41915247049
2024-04-18,61275.73,64210.0,60816.07,63513.85,36006307335
2024-04-19,63514.84,65498.99,59573.32,63848.37,49920425401
2024-04-20,63841.96,65463.08,63121.15,64968.87,23097485495
2024-04-21,64960.82,65725.81,64250.0,64952.92,20506644853
2024-04-22,64952.92,67272.73,64520.0,66859.17,28282686673
2024-04-23,66856.07,67225.66,65823.66,66414.16,24310975583
2024-04-24,66418.0,67077.97,63542.56,64255.78,30276655120
2024-04-25,64255.77,65287.69,62747.18,64484.44,32155786816
2024-04-26,64484.44,64810.0,63287.76,63742.39,24139372950
2024-04-27,63742.39,63900.0,62389.0,63422.0,19530783039
2024-04-28,63422.34,64333.33,62743.81,63108.94,17334827993
2024-04-29,63109.76,64200.0,61741.01,63844.85,26635912073
2024-04-30,63845.01,64727.81,59040.3,60622.1,37840840057
2024-05-01,60621.2,60785.49,56500.0,58265.59,48439780271
2024-05-02,58267.81,59641.03,56903.79,59071.89,32711813559
2024-05-03,59070.3,63365.72,58821.05,62913.03,33172023048
2024-05-04,62913.03,64546.0,62565.82,63902.88,20620477992
2024-05-05,63902.88,64636.75,62908.34,64023.45,18296164805
2024-05-06,64023.45,65523.44,62704.48,63162.24,28697928697
2024-05-07,63161.35,64415.06,62252.64,62315.76,25930730982
2024-05-08,62315.75,63013.05,60851.04,61169.53,26088172222
2024-05-09,61169.53,63424.14,60601.6,63073.57,25453338161
2024-05-10,63073.55,63470.0,60150.0,60787.47,27804954694
2024-05-11,60787.99,61482.0,60450.13,60814.63,13842272968
2024-05-12,60814.64,61843.45,60576.05,61453.02,13800459405
2024-05-13,61453.01,63456.18,60738.51,62932.37,27889181179
2024-05-14,62927.44,63103.02,61024.51,61539.84,28186271527
2024-05-15,61539.7,66480.0,61299.57,66244.69,39815167074
2024-05-16,66244.68,66772.83,64588.5,65252.18,31573077994
2024-05-17,65252.17,67500.0,65113.46,67046.33,28031279310
2024-05-18,67046.34,67407.79,66624.06,66923.87,16712277406
2024-05-19,66923.87,67701.91,65852.02,66261.62,19249094538
2024-05-20,66260.04,71560.9,66057.03,71432.17,43850655717
2024-05-21,71432.16,71980.0,69146.01,70142.84,46932005990
2024-05-22,70142.88,70659.99,68887.52,69109.93,32802561717
2024-05-23,69109.93,70066.95,66259.0,67940.45,41895680979
2024-05-24,67932.79,69278.75,66587.91,68547.8,29197308153
2024-05-25,68545.52,69605.03,68487.44,69289.67,15473071741
2024-05-26,69289.69,69522.0,68097.38,68473.72,15628433737
2024-05-27,68470.8,70613.39,68210.12,69368.72,25870990717
2024-05-28,69366.31,69533.96,67194.59,68321.98,32722265965
2024-05-29,68321.99,68864.11,67081.66,67569.45,26707072906
2024-05-30,67569.44,69536.89,67092.91,68338.58,29509712534
2024-05-31,68338.58,69024.71,66584.47,67472.41,27387283769
2024-06-01,67473.07,67837.33,67371.28,67719.29,11641495604
2024-06-02,67719.29,68411.0,67260.0,67735.52,17110588415
2024-06-03,67731.14,70295.78,67568.0,68791.0,32401285324
2024-06-04,68791.04,71108.9,68542.37,70542.32,33149696545
2024-06-05,70541.68,71804.13,70356.49,71121.11,32810771409
2024-06-06,71120.65,71650.56,70093.98,70773.64,25223152007
2024-06-07,70773.63,71974.04,68298.55,69324.53,36188381096
2024-06-08,69326.71,69546.58,69126.22,69304.05,14262185861
2024-06-09,69303.8,69848.94,69123.99,69637.87,13534028500
2024-06-10,69641.08,70187.53,69141.51,69497.73,20597699541
2024-06-11,69495.97,69547.82,66018.69,67316.53,37116136345
2024-06-12,67316.52,70032.0,66883.32,68248.6,34497940694
2024-06-13,68248.59,68474.49,66200.0,66738.85,28955204146
2024-06-14,66746.46,67322.72,65005.0,66004.39,27403884779
2024-06-15,66004.36,66428.57,65800.86,66192.0,14121265576
2024-06-16,66192.0,66931.18,65999.0,66628.75,13281140541
2024-06-17,66629.38,67274.96,65050.0,66481.81,30006354476
2024-06-18,66481.81,66574.33,64010.01,65152.8,39481285950
2024-06-19,65150.9,65709.26,64635.48,64943.79,21103423504
2024-06-20,64945.67,66455.52,64500.0,64840.88,25641109124
2024-06-21,64840.89,65017.1,63300.93,64120.28,26188171739
2024-06-22,64120.28,64523.91,63910.01,64235.01,9858198793
2024-06-23,64235.0,64499.95,63125.75,63171.43,11170471802
2024-06-24,63169.36,63343.91,58414.28,60263.0,43152133651
2024-06-25,60262.16,62400.0,60217.36,61789.71,29201215431
2024-06-26,61794.47,62470.0,60656.8,60816.68,22506003064
2024-06-27,60818.86,62346.16,60546.94,61615.39,21231745045
2024-06-28,61611.43,62170.62,59868.0,60313.35,24952866877
2024-06-29,60312.36,61122.66,60273.8,60885.67,12652903396
2024-06-30,60884.44,62942.67,60611.01,62668.26,17333226409
2024-07-01,62669.14,63801.26,62448.46,62830.13,25468379421
2024-07-02,62830.94,63223.57,61000.0,62040.22,20151616992
2024-07-03,62039.44,62197.01,59332.76,60145.01,29756701685
2024-07-04,60145.01,60429.27,56709.73,57042.14,41149609230
2024-07-05,57036.45,57515.6,53499.9,56639.43,55417544033
2024-07-06,56634.53,58481.97,56020.32,58244.75,20610320577
2024-07-07,58240.36,58448.89,55717.23,55854.09,20553359505
2024-07-08,55852.61,58200.0,54278.93,56699.43,39766159899
2024-07-09,56701.18,58295.31,56276.37,58047.86,27849512607
2024-07-10,58047.86,59481.93,57157.28,57712.59,26175260526
2024-07-11,57713.4,59533.06,57036.41,57340.77,28707803842
2024-07-12,57343.66,58550.0,56538.33,57909.03,25604805221
2024-07-13,57908.61,59875.0,57770.92,59224.58,17080061806
2024-07-14,59224.58,61428.67,59209.2,60808.42,22223416061
2024-07-15,60804.97,64943.61,60666.59,64757.16,38094526099
2024-07-16,64757.16,65405.89,62410.33,65088.99,41617346768
2024-07-17,65086.55,66139.0,63853.99,64085.81,32525071311
2024-07-18,64085.82,65130.88,63222.6,63982.86,27239305337
2024-07-19,63977.64,67504.22,63289.15,66707.61,37003855410
2024-07-20,66707.61,67635.0,66271.0,67163.83,19029581250
2024-07-21,67163.82,68380.0,65820.18,68181.28,26652190004
2024-07-22,68181.16,68495.0,66569.42,67558.22,42649109453
2024-07-23,67560.03,67786.84,65444.3,65939.24,35605668666
2024-07-24,65939.24,67131.17,65090.61,65366.4,27470942309
2024-07-25,65358.86,66161.98,63412.46,65795.42,38315761670
2024-07-26,65795.52,68216.66,65705.6,67924.08,30488630457
2024-07-27,67921.46,69418.15,66635.28,67899.41,34691905492
2024-07-28,67901.81,68308.82,67021.8,68244.3,18043166945
2024-07-29,68244.3,70000.0,66400.01,66771.45,40780682628
2024-07-30,66767.14,66994.15,65283.68,66169.68,31380492109
2024-07-31,66169.68,66837.4,64500.0,64609.62,31292785994
2024-08-01,64609.61,65593.56,62212.81,65288.18,40975554494
2024-08-02,65293.48,65557.86,61150.0,61418.06,43060875727
2024-08-03,61418.06,62171.58,59819.13,60674.93,31753030589
2024-08-04,60674.93,61082.3,57123.0,58130.95,31758917219
2024-08-05,58131.31,58282.83,49050.01,54029.12,108991085584
2024-08-06,54037.9,57091.16,53965.57,56048.08,49300484106
2024-08-07,56048.07,57757.15,54564.15,55148.1,41637562185
2024-08-08,55144.14,62755.24,54737.32,61705.58,45298472567
2024-08-09,61704.05,61764.38,59552.46,60862.13,33425553115
2024-08-10,60864.71,61500.0,60255.61,60935.02,22759754812
2024-08-11,60935.01,61868.69,58312.63,58722.49,37078637820
2024-08-12,58717.44,60721.77,57653.31,59358.78,37078637820
2024-08-13,59358.78,61615.43,58402.01,60603.19,30327698167
2024-08-14,60603.19,61827.2,58453.56,58690.62,35682112440
2024-08-15,58690.62,59883.49,56120.0,57543.61,35682112440
2024-08-16,57543.57,59871.61,57096.56,58888.99,29350938673
2024-08-17,58888.99,59711.02,58803.45,59497.49,17740625837
2024-08-18,59497.49,60284.99,58422.0,58437.9,25911207712
2024-08-19,58436.2,59639.81,57820.0,59452.67,31613400008
2024-08-20,59455.81,61457.03,58571.96,59017.59,32731154072
2024-08-21,59017.59,61849.98,58793.89,61163.28,32731154072
2024-08-22,61167.54,61430.48,59750.0,60383.29,42530509233
2024-08-23,60383.28,64987.0,60343.2,64086.72,42530509233
2024-08-24,64091.63,64529.78,63564.22,64179.63,26551244800
2024-08-25,64179.63,65050.08,63793.74,64251.93,27682040631
2024-08-26,64250.01,64509.36,62806.8,62840.0,39103882198
2024-08-27,62840.09,63226.26,58025.49,59439.64,40289564698
2024-08-28,59437.68,60236.98,57851.62,59045.88,49679987582
2024-08-29,59047.94,61194.09,58729.39,59364.47,35495172540
2024-08-30,59353.12,59929.63,57700.0,59112.77,33703608319
2024-08-31,59117.59,59446.99,58739.31,58968.37,24592449997
2024-09-01,58968.37,59070.55,57200.0,57299.0,27036454524
2024-09-02,57291.21,59423.0,57119.01,59139.83,27628957696
2024-09-03,59138.89,59825.7,57394.49,57468.84,35627680312
2024-09-04,57460.5,58531.25,55555.0,57971.0,36180148224
2024-09-05,57971.0,58326.12,55628.04,56156.82,49361693566
2024-09-06,56156.82,56995.0,52530.0,53950.01,49361693566
2024-09-07,53950.0,54847.0,53733.1,54156.33,25591773446
2024-09-08,54159.6,55315.95,53623.95,54881.11,34618096173
2024-09-09,54881.1,58119.97,54565.56,57053.9,34618096173
2024-09-10,57047.82,58050.35,56377.76,57645.59,37049062672
2024-09-11,57641.15,58014.35,55534.41,57352.79,37700698112
2024-09-12,57352.92,58600.0,57311.15,58137.54,33835707949
2024-09-13,58137.33,60670.0,57630.01,60543.35,32490528356
2024-09-14,60543.35,60660.0,59436.8,60012.35,21035424663
2024-09-15,60012.34,60402.34,58695.75,59122.33,18120960867
2024-09-16,59122.7,59214.15,57477.0,58208.75,33937438720
2024-09-17,58209.76,61373.41,57620.27,60312.6,38075570118
2024-09-18,60317.38,61800.0,59174.5,61769.18,40990702891
2024-09-19,61770.38,63891.82,61569.16,62960.14,50170099453
2024-09-20,62956.04,64140.67,62340.0,63210.69,43193528672
2024-09-21,63210.94,63575.63,62755.0,63362.74,15048955904
2024-09-22,63362.74,64000.0,62380.55,63577.66,20183348802
2024-09-23,63580.39,64739.67,62566.28,63338.87,34160969728
2024-09-24,63338.85,64700.0,62689.15,64272.93,29938335243
2024-09-25,64272.93,64811.0,62932.8,63130.89,30090640743
2024-09-26,63131.13,65865.0,62652.99,65177.21,36873129847
2024-09-27,65176.39,66550.0,64827.85,65789.0,39141578790
2024-09-28,65787.53,66266.39,65400.0,65858.99,16051625863
2024-09-29,65857.33,66059.0,65433.29,65600.01,14788214575
2024-09-30,65600.01,65624.95,62833.95,63301.25,37112957475
2024-10-01,63305.52,64106.75,60150.89,60790.0,50220923500
2024-10-02,60792.63,62380.34,59969.2,60631.37,45637429292
2024-10-03,60631.36,61474.92,59824.87,60744.99,44084353142
2024-10-04,60745.0,62481.0,60454.5,62090.71,31622485368
2024-10-05,62090.7,62380.04,61686.34,62051.29,14197967872
2024-10-06,62051.29,62978.75,61805.85,62810.86,14776233667
2024-10-07,62810.93,64467.02,62113.28,62200.28,34253562610
2024-10-08,62203.82,63191.05,61824.48,62122.02,31251649004
2024-10-09,62118.44,62507.68,60255.0,60578.28,27670982363
2024-10-10,60578.28,61271.59,58863.9,60279.53,30967523328
2024-10-11,60279.53,63416.7,60029.98,62518.75,31396709376
2024-10-12,62518.75,63474.25,62464.15,63187.47,24201669911
2024-10-13,63183.08,63270.18,62033.0,62845.3,18177529690
2024-10-14,62847.89,66500.0,62426.67,66065.65,43706958056
2024-10-15,66065.64,67944.76,64778.44,67056.6,49611366081
2024-10-16,67056.62,68399.0,66743.0,67608.44,56772119737
2024-10-17,67608.45,67926.99,66629.97,67402.33,35069030008
2024-10-18,67399.86,69000.62,67149.24,68426.11,39138190966
2024-10-19,68426.11,68689.29,68005.83,68363.73,15373316429
2024-10-20,68363.73,69380.0,68083.18,69014.86,18975847518
2024-10-21,69014.87,69498.0,66802.0,67346.15,40191791104
2024-10-22,67346.15,67800.0,66535.0,67380.08,35451787241
2024-10-23,67389.7,67415.65,65149.51,66601.11,32263980353
2024-10-24,66601.1,68800.0,66445.32,68156.84,36844388844
2024-10-25,68156.84,68742.38,65500.01,66564.51,41469984306
2024-10-26,66564.51,67365.18,66331.95,67012.56,29872415253
2024-10-27,67008.15,68261.37,66836.78,67943.19,16721307878
2024-10-28,67943.18,70235.98,67532.48,69924.5,38799856657
2024-10-29,69924.49,73624.98,69705.76,72724.35,58541874402
2024-10-30,72724.35,72948.6,71400.01,72322.91,51615944773
2024-10-31,72322.91,72684.02,69559.33,70197.83,45495666731
2024-11-01,70198.02,71620.0,68720.0,69467.29,57261403461
2024-11-02,69466.64,69891.92,69000.0,69358.94,21070371617
2024-11-03,69360.95,69364.65,67444.0,68738.18,34868307655
2024-11-04,68736.4,69453.94,66783.77,67807.48,41184819348
2024-11-05,67810.15,70557.67,67427.53,69380.73,53207182798
2024-11-06,69380.64,76509.56,69285.82,75646.55,132396331692
2024-11-07,75646.55,76999.0,74463.96,75920.0,66508891961
2024-11-08,75925.0,77312.18,75654.26,76566.73,63599844153
2024-11-09,76566.72,76952.67,75758.58,76716.06,31882815737
2024-11-10,76716.06,81534.28,76535.33,80428.92,82570594495
2024-11-11,80427.69,89666.0,80277.34,88770.73,117966845037
2024-11-12,88770.74,90100.0,85010.0,88035.43,156465075982
2024-11-13,88035.43,93495.0,86220.5,90493.82,123559027869
2024-11-14,90499.4,91831.25,86672.07,87340.4,104539969708
2024-11-15,87338.96,91934.62,87100.83,91058.36,88363252858
2024-11-16,91058.36,91820.73,90069.21,90636.24,57151744241
2024-11-17,90638.54,91439.82,88713.64,89886.69,46350159305
2024-11-18,89877.11,92674.8,89372.65,90520.3,76100468736
2024-11-19,90521.32,94105.84,90403.24,92435.89,85704820976
2024-11-20,92445.04,94989.99,91600.0,94393.15,86071937426
2024-11-21,94384.15,99073.53,94127.2,98439.09,124373200598
2024-11-22,98439.1,99860.0,97209.52,99024.03,97077885312
2024-11-23,99024.03,99044.11,97215.01,97778.77,68311638016
2024-11-24,97778.78,98700.0,95780.77,98028.18,51712020623
2024-11-25,98032.06,98999.0,92534.93,93000.01,80909462490
2024-11-26,93001.48,95004.92,90682.58,91929.54,114482253349
2024-11-27,91929.53,97386.06,91747.46,95951.19,81245831254
2024-11-28,95951.19,96676.31,94671.59,95665.53,78283541901
2024-11-29,95665.53,98750.0,95383.46,97490.56,72427308590
2024-11-30,97489.8,97509.6,96129.73,96465.42,55906217913
2024-12-01,96464.95,97895.9,95753.42,97263.18,42778652309
2024-12-02,97259.17,98200.0,94400.63,95862.89,74916061117
2024-12-03,95862.89,96310.1,93571.3,95924.52,88035654892
2024-12-04,95924.85,99263.2,94634.85,98746.24,77199817112
2024-12-05,98746.24,104000.0,92055.86,97044.23,181061502060
2024-12-06,97049.47,102104.12,96424.2,99891.35,158514218872
2024-12-07,99885.37,100583.27,99012.73,99929.32,73723337529
2024-12-08,99919.2,101435.05,98729.66,101174.99,54302190354
2024-12-09,101175.0,101290.73,94220.8,97324.81,110676473908
2024-12-10,97330.66,98338.17,94273.38,96660.76,151176546597
2024-12-11,96660.75,101984.98,95722.79,101202.11,118899251374
2024-12-12,101211.61,102595.0,99298.39,100030.47,106712711730
2024-12-13,100024.75,101959.13,99220.81,101428.75,80057402365
2024-12-14,101428.74,102650.0,100600.0,101399.99,57141245105
2024-12-15,101400.0,105100.0,101221.34,104447.76,60694236048
2024-12-16,104445.15,107857.79,103289.21,106099.81,97031643136
2024-12-17,106099.98,108388.88,105337.97,106136.99,70144425530
2024-12-18,106145.83,106528.13,99939.82,100150.73,105110113505
2024-12-19,100148.6,102796.22,95539.67,97372.21,105166350593
2024-12-20,97372.2,98132.47,92115.66,97765.0,128578940013
2024-12-21,97762.75,99596.57,96368.0,97230.08,53545730048
2024-12-22,97230.09,97387.98,94182.98,95087.75,43147981314
2024-12-23,95091.15,96430.08,92360.91,94764.56,65239002919
2024-12-24,94767.88,99444.0,93426.25,98594.47,52563045075
2024-12-25,98594.47,99484.92,97557.48,99346.28,33700394629
2024-12-26,99358.67,99887.0,95083.93,95669.49,47422386176
2024-12-27,95669.4,97340.47,93234.31,94171.89,52419934565
2024-12-28,94171.7,95534.17,94002.72,95130.82,38346736593
2024-12-29,95125.59,95170.06,92841.48,93563.35,29635885267
2024-12-30,93563.35,94910.48,91271.19,92620.71,56188003691
2024-12-31,92620.7,96148.94,91887.13,93354.22,50042484821
2025-01-01,93347.59,94960.91,92743.63,94383.59,28986215672
2025-01-02,94383.59,97776.99,94177.0,96903.19,46340694016
2025-01-03,96905.48,98969.92,96016.63,98136.51,35611391163
2025-01-04,98139.85,98761.02,97516.65,98209.85,22860099584
2025-01-05,98209.85,98814.0,97250.0,98345.33,20525254825
2025-01-06,98347.65,102500.0,97900.0,102279.41,51823432705
2025-01-07,102279.41,102735.99,96105.11,96941.98,58685738547
2025-01-08,96941.98,97254.35,92500.0,95036.63,69551929330
2025-01-09,95033.18,95363.26,91187.0,92547.44,62777261693
2025-01-10,92547.44,95862.92,92209.25,94701.18,65366286336
2025-01-11,94701.48,94983.65,93804.05,94565.02,18860894100
2025-01-12,94569.91,95383.84,93670.3,94509.62,20885130965
2025-01-13,94507.24,95900.0,89028.64,94506.45,72978998252
2025-01-14,94507.35,97353.29,94311.36,96534.96,60788136849
2025-01-15,96534.97,100716.45,96400.0,100510.23,57805923627
2025-01-16,100504.27,100880.0,97277.58,99981.78,55923912103
2025-01-17,99981.46,105970.0,99937.81,104107.0,71888972663
2025-01-18,104107.0,104933.15,102233.45,104435.0,57619512481
2025-01-19,104435.01,106314.44,99518.0,101211.13,76789928525
2025-01-20,101217.78,109358.01,99416.27,102145.43,150683621523
2025-01-21,102145.42,107291.1,100051.0,106159.26,99124979588
2025-01-22,106159.27,106431.34,103100.0,103667.11,55981322240
2025-01-23,103659.6,106870.87,101200.01,103926.36,104104515428
2025-01-24,103926.36,107200.0,102751.92,104850.27,66392569620
2025-01-25,104866.13,105294.0,104104.0,104733.56,32733923279
2025-01-26,104729.92,105478.8,102452.24,102563.0,22543395879
2025-01-27,102565.28,103228.46,97715.03,102062.42,90210918400
2025-01-28,102063.92,103770.85,100213.8,101290.0,47488491520
2025-01-29,101290.01,104829.64,101275.6,103747.25,48144691200
2025-01-30,103747.25,106484.77,103289.74,104742.64,44309655552
2025-01-31,104742.63,106090.0,101506.0,102411.26,45732764360
2025-02-01,102414.05,102781.65,100250.0,100623.85,27757944848
2025-02-02,100623.88,101459.84,96179.0,97676.52,63091816853
2025-02-03,97676.53,102599.85,91178.01,101460.2,118977183744
2025-02-04,101460.15,101812.23,96145.76,97795.05,73002130211
2025-02-05,97795.06,99230.49,96161.01,96638.33,52522500096
2025-02-06,96635.62,99182.15,95674.96,96564.62,47714861056
2025-02-07,96575.24,100235.79,95614.96,96537.08,56454270976
2025-02-08,96536.93,96919.05,95682.33,96476.25,25856036864
2025-02-09,96476.24,97342.28,94730.67,96475.82,27732901800
2025-02-10,96481.47,98367.23,95257.2,97444.41,43777630208
2025-02-11,97451.66,98500.0,94831.07,95774.08,37488783272
2025-02-12,95770.95,98119.98,94066.92,97862.53,49340445530
2025-02-13,97864.28,98100.0,95220.0,96625.29,38644641792
2025-02-14,96625.29,98890.11,96268.56,97509.03,32697987277
2025-02-15,97507.94,97997.85,97225.01,97596.94,17568976896
2025-02-16,97596.54,97738.22,96057.68,96119.88,16536755396
2025-02-17,96119.88,97050.64,95200.0,95781.8,29059164160
2025-02-18,95781.8,96730.0,93333.0,95607.4,37325720482
2025-02-19,95612.97,96880.0,95000.01,96632.03,29616687104
2025-02-20,96632.03,98768.54,96419.07,98347.2,31668022771
2025-02-21,98347.2,99517.52,94721.92,96157.03,49608706470
2025-02-22,96157.03,96982.52,95767.95,96582.12,21127161856
2025-02-23,96578.49,96679.93,95243.91,96265.98,16999478976
2025-02-24,96266.23,96515.41,91300.0,91510.82,44046480529
2025-02-25,91509.88,92549.99,85836.18,88583.74,93001703424
2025-02-26,88583.17,89305.68,82111.12,84111.78,64597492134
2025-02-27,84111.77,86993.87,82554.11,84625.19,53419450368
2025-02-28,84627.5,85116.19,78167.81,84297.73,85411332096
2025-03-01,84297.74,86534.96,83772.54,86018.76,31353370624
2025-03-02,86018.82,95128.88,85003.35,94265.48,58398341092
2025-03-03,94265.47,94415.61,85007.01,86161.1,72892456960
2025-03-04,86161.09,88977.27,81444.0,87249.96,69184126976
2025-03-05,87247.93,91000.0,86329.22,90603.73,50796019712
2025-03-06,90607.73,92817.29,87790.5,89921.85,47749810486
2025-03-07,89915.02,91280.0,84608.27,86756.98,67746193408
2025-03-08,86753.3,86863.38,85200.0,86206.69,22793150464
2025-03-09,86206.64,86480.0,80000.0,80699.17,30899345977
2025-03-10,80708.21,84033.66,77389.0,78544.71,56495448064
2025-03-11,78548.18,83600.0,76555.0,82914.51,56611995648
2025-03-12,82911.81,84442.69,80572.21,83659.43,40862040064
2025-03-13,83659.45,84310.8,79890.0,81073.43,31888437248
2025-03-14,81071.5,85318.61,80771.17,83980.49,29588112414
2025-03-15,83989.86,84690.43,83612.24,84351.46,15383730176
2025-03-16,84351.45,85092.35,81969.44,82562.57,21330270174
2025-03-17,82562.5,84758.46,82416.98,84011.4,26306904064
2025-03-18,84011.39,84029.67,81125.0,82698.76,24095774594
2025-03-19,82699.53,87045.45,82535.53,86877.96,34931960257
2025-03-20,86877.97,87492.87,83596.75,84183.42,31199825920
2025-03-21,84183.41,84809.72,83100.0,84061.96,19670687744
2025-03-22,84061.96,84517.75,83659.69,83852.03,10310697984
2025-03-23,83852.06,86128.99,83804.67,86092.94,12594615537
2025-03-24,86092.95,88804.64,85533.06,87523.62,34582604933
2025-03-25,87518.09,88584.34,86321.97,87427.88,30220429312
2025-03-26,87432.82,88304.1,85850.0,86926.01,28683628544
2025-03-27,86926.01,87790.12,85784.0,87217.48,25482768384
2025-03-28,87214.07,87498.15,83533.4,84381.8,34198619509
2025-03-29,84381.81,84584.13,81608.99,82616.83,18512363520
2025-03-30,82624.06,83508.98,81538.88,82379.98,14763760943
2025-03-31,82379.98,83920.8,81265.16,82534.32,29579051008
2025-04-01,82534.31,85566.53,82403.32,85170.37,28175650319
2025-04-02,85166.92,88530.0,82283.01,82490.08,47584398470
2025-04-03,82490.1,83953.45,81177.7,83174.33,44560515072
2025-04-04,83178.68,84720.67,81643.54,83860.16,46228713472
2025-04-05,83859.78,84238.35,82346.61,83498.25,14690373632
2025-04-06,83505.88,83773.58,77058.99,78370.75,36294853736
2025-04-07,78370.15,81223.67,74420.69,79140.01,99270836224
2025-04-08,79140.02,80849.98,76167.35,76251.64,49053388800
2025-04-09,76258.8,83583.35,74553.01,82594.75,84213627038
2025-04-10,82593.15,82730.93,78387.24,79552.34,68713725952
2025-04-11,79552.34,84299.0,78919.94,83380.47,45145731072
2025-04-12,83379.64,85909.97,82765.26,85271.01,24258059104
2025-04-13,85271.02,86092.99,83010.0,83733.07,28796984817
2025-04-14,83733.07,85818.06,83655.27,84590.36,34090769777
2025-04-15,84590.36,86491.4,83592.77,83629.78,28040322885
2025-04-16,83622.52,85526.4,83088.02,84028.72,29617804112
2025-04-17,84028.71,85494.94,83711.69,84961.97,29474527232
2025-04-18,84961.97,85150.94,84287.06,84466.47,12728372364
2025-04-19,84466.47,85625.0,84353.45,85074.99,15259300427
2025-04-20,85074.59,85319.21,83972.82,85177.34,22227202525
2025-04-21,85177.33,88575.62,85135.98,87522.07,41396190190
2025-04-22,87513.53,93952.62,87077.17,93489.1,55899038456
2025-04-23,93486.57,94686.0,91902.19,93740.92,57038430208
2025-04-24,93740.93,94061.02,91685.18,94021.96,33058705408
2025-04-25,94021.97,95976.34,92880.01,94708.79,40915232364
2025-04-26,94707.79,95273.52,93903.01,94666.64,18199238656
2025-04-27,94666.64,95351.11,93654.77,93780.57,18860998656
2025-04-28,93780.56,95652.66,92829.44,95042.57,32363449569
2025-04-29,95042.56,95499.0,93761.26,94271.09,25806129921
2025-04-30,94271.08,95263.74,92911.88,94182.54,29120364544
2025-05-01,94182.55,97546.99,94136.79,96524.98,32875889623
2025-05-02,96524.98,97948.56,96369.69,96929.81,26421924677
2025-05-03,96929.81,96974.78,95765.13,95861.33,15829039104
2025-05-04,95865.47,96312.51,94151.67,94272.55,21035577344
2025-05-05,94272.54,95218.82,93500.01,94733.99,25816260327
2025-05-06,94733.99,96916.25,93363.28,96839.17,31074353152
2025-05-07,96843.84,97738.05,95800.0,97058.32,76983822462
2025-05-08,97058.33,104176.05,96888.25,103253.49,69895404397
2025-05-09,103252.2,104352.6,102330.76,102986.96,58198593958
2025-05-10,102986.94,104997.0,102831.41,104821.19,44244848640
2025-05-11,104817.83,104980.89,103360.22,104137.62,46285517406
2025-05-12,104137.58,105787.37,100703.71,102800.21,63250475404
2025-05-13,102800.22,105038.53,101447.78,104131.06,52608876410
2025-05-14,104131.2,104373.0,102603.27,103545.38,45956071155
2025-05-15,103540.91,104200.0,101400.01,103786.43,50408241840
2025-05-16,103786.4,104616.71,103125.51,103500.03,44386499364
2025-05-17,103500.03,103741.98,102612.0,103161.07,37898552742
2025-05-18,103162.53,106692.97,103130.95,106473.46,49887082058
2025-05-19,106488.77,107137.68,102105.0,105616.18,61761126647
2025-05-20,105616.21,107355.0,104209.18,106883.24,61761126647
2025-05-21,106883.24,110788.98,106128.14,109699.54,88941936640
2025-05-22,109697.19,112000.0,109217.23,111722.53,78086364051
2025-05-23,111722.54,111824.07,106800.01,107329.61,67548133399
2025-05-24,107332.08,109517.79,106895.77,107794.01,46610079744
2025-05-25,107794.01,109371.04,106632.35,109048.68,47518041841
2025-05-26,109048.41,110474.41,108706.04,109464.32,49621254144
2025-05-27,109464.33,110829.42,107536.41,108978.46,57450176272
2025-05-28,108978.45,109344.89,106790.16,107819.29,57450176272
2025-05-29,107819.26,108943.35,105315.0,105572.58,57928290304
2025-05-30,105572.58,106377.66,103634.48,104033.26,57655287183
2025-05-31,104033.0,104965.5,103110.01,104645.87,38997843858
2025-06-01,104645.87,105937.46,103800.81,105697.94,37397056873
2025-06-02,105697.93,106000.0,103685.23,105904.94,47678308352
2025-06-03,105909.79,106901.68,104910.01,105447.82,46196508367
2025-06-04,105443.95,106058.47,104202.0,104753.38,44544857105
2025-06-05,104753.37,105999.68,100377.01,101570.2,57479298400
2025-06-06,101570.2,105439.01,101132.91,104397.99,48856653697
2025-06-07,104398.0,106000.0,103969.7,105619.02,38365033776
2025-06-08,105619.02,106548.9,105028.3,105784.4,37463871488
2025-06-09,105784.41,110651.12,105368.27,110301.15,59151552512
2025-06-10,110299.69,110420.08,108362.14,110300.24,54700101509
2025-06-11,110300.25,110435.05,108091.74,108669.37,51743002624
2025-06-12,108673.77,108853.74,105706.78,105721.05,67771011072
2025-06-13,105716.45,106233.0,102746.01,106118.7,69550440846
2025-06-14,106114.53,106264.36,104351.72,105465.42,38007870453
2025-06-15,105465.42,106184.13,104505.05,105599.25,37722087424
2025-06-16,105600.21,109000.0,104982.26,106853.38,53449289728
2025-06-17,106853.38,107792.9,103363.3,104590.44,55964092176
2025-06-18,104590.44,105603.63,103512.38,104915.6,48628674560
2025-06-19,104915.6,105266.61,103916.37,104671.9,37333806920
2025-06-20,104671.4,106553.86,102357.25,103317.8,50951862476
2025-06-21,103317.79,104013.64,100919.19,102160.03,44529750016
2025-06-22,102160.36,103417.0,98225.01,100996.87,65536997201
2025-06-23,100996.87,106135.47,99677.07,105419.39,65237759656
2025-06-24,105418.4,106366.29,104681.83,106141.0,51624120283
2025-06-25,106141.01,108206.0,105875.0,107400.22,51624120283
2025-06-26,107400.22,108345.0,106605.88,107029.64,45353692675
2025-06-27,107029.63,107804.2,106413.79,107113.38,45353692675
2025-06-28,107119.17,107599.81,106868.94,107352.2,35534874438
2025-06-29,107352.2,108550.0,107230.0,108386.44,37501366272
2025-06-30,108386.44,108800.0,106724.76,107173.21,42252988416
2025-07-01,107173.21,107579.3,105262.0,105711.78,45799612416
2025-07-02,105711.77,109823.08,105119.7,108888.32,56248657737
2025-07-03,108887.03,110590.0,108574.31,109628.83,50494742270
2025-07-04,109628.83,109812.94,107268.84,108028.6,43229712384
2025-07-05,108028.6,108454.19,107783.1,108246.65,30615537520
2025-07-06,108246.66,109736.64,107837.7,109217.98,37724041216
2025-07-07,109217.98,109741.64,107507.0,108269.84,46431363072
2025-07-08,108271.49,109255.99,107438.33,108958.04,44282204127
2025-07-09,108953.58,112152.91,108329.87,111282.85,59664580608
2025-07-10,111282.84,116842.0,110541.87,116031.3,100968185856
2025-07-11,116031.29,118909.74,115211.74,117582.16,86928361085
2025-07-12,117582.16,118244.51,116940.82,117472.65,45524560304
2025-07-13,117472.65,119500.0,117238.69,119130.81,49021091807
2025-07-14,119850.57,119893.484,117924.82,117992.92,181106884608
