timeOpen;timeClose;timeHigh;timeLow;name;open;high;low;close;volume;marketCap;timestamp
"2025-07-21T00:00:00.000Z";"2025-07-27T23:59:59.999Z";"2025-07-22T23:20:00.000Z";"2025-07-25T07:57:00.000Z";"2781";117306.4669821287;120269.9664728629;114759.8232269854;119448.4903295397;496322967465.52;2377006745709.88;"2025-07-27T23:59:59.999Z"
"2025-07-14T00:00:00.000Z";"2025-07-20T23:59:59.999Z";"2025-07-14T07:40:00.000Z";"2025-07-15T14:58:00.000Z";"2781";119115.7875096413;123091.612801368;115765.6867265961;117300.7857402877;607619761231.41;2333823422030.29;"2025-07-20T23:59:59.999Z"
"2025-07-07T00:00:00.000Z";"2025-07-13T23:59:59.999Z";"2025-07-13T19:33:00.000Z";"2025-07-08T02:19:00.000Z";"2781";109235.3279895239;119449.5719060133;107499.5564675773;119116.1175492467;425010937713.24;2369444812889.26;"2025-07-13T23:59:59.999Z"
"2025-06-30T00:00:00.000Z";"2025-07-06T23:59:59.999Z";"2025-07-03T13:58:00.000Z";"2025-07-02T01:18:00.000Z";"2781";108383.4411795601;110541.4615672827;105157.39559599;109232.0697345571;302896897482.11;2172541130547.62;"2025-07-06T23:59:59.999Z"
"2025-06-23T00:00:00.000Z";"2025-06-29T23:59:59.999Z";"2025-06-29T12:01:00.000Z";"2025-06-23T16:38:00.000Z";"2781";100987.4731095285;108526.3070408953;99705.747002114;108385.5700884473;320503132420.99;2155239518940.18;"2025-06-29T23:59:59.999Z"
"2025-06-16T00:00:00.000Z";"2025-06-22T23:59:59.999Z";"2025-06-16T19:28:00.000Z";"2025-06-22T20:19:00.000Z";"2781";105555.5929058888;108915.3756027871;98286.2059304254;100987.1395190547;345832029967.52;2007868285979.24;"2025-06-22T23:59:59.999Z"
"2025-06-09T00:00:00.000Z";"2025-06-15T23:59:59.999Z";"2025-06-09T21:31:00.000Z";"2025-06-13T01:12:00.000Z";"2781";105793.0211746812;110561.4198181253;102822.0258041497;105552.026954677;360592444301.23;2098234075783.26;"2025-06-15T23:59:59.999Z"
"2025-06-02T00:00:00.000Z";"2025-06-08T23:59:59.999Z";"2025-06-03T15:32:00.000Z";"2025-06-05T20:57:00.000Z";"2781";105649.8096322775;106813.5790312666;100436.8859125027;105793.6502275275;317888289963.13;2102766527055.86;"2025-06-08T23:59:59.999Z"
"2025-05-26T00:00:00.000Z";"2025-06-01T23:59:59.999Z";"2025-05-27T13:21:00.000Z";"2025-05-31T03:09:00.000Z";"2781";109023.7783282035;110744.2078440242;103136.1134508832;105652.0985625249;342628955292.35;2099597472488.37;"2025-06-01T23:59:59.999Z"
"2025-05-19T00:00:00.000Z";"2025-05-25T23:59:59.999Z";"2025-05-22T17:35:00.000Z";"2025-05-19T06:40:00.000Z";"2781";106430.5327027544;111970.1681100799;102112.6854600726;109035.3870327308;407490594865.15;2166289174480.45;"2025-05-25T23:59:59.999Z"
"2025-05-12T00:00:00.000Z";"2025-05-18T23:59:59.999Z";"2025-05-18T23:59:00.000Z";"2025-05-12T18:51:00.000Z";"2781";104106.9627066245;106597.1681343974;100814.4025733277;106446.0105544264;344395798974.69;2114273396994.7;"2025-05-18T23:59:59.999Z"
"2025-05-05T00:00:00.000Z";"2025-05-11T23:59:59.999Z";"2025-05-10T23:26:00.000Z";"2025-05-06T13:55:00.000Z";"2781";94319.5628677338;104961.7643910694;93399.8589076862;104106.3555262647;346007588371.45;2067926988011.64;"2025-05-11T23:59:59.999Z"
"2025-04-28T00:00:00.000Z";"2025-05-04T23:59:59.999Z";"2025-05-02T15:02:00.000Z";"2025-04-28T01:56:00.000Z";"2781";93755.3036053418;97905.9008135535;92860.808221058;94315.9748890489;179785916926.09;1873204156311.45;"2025-05-04T23:59:59.999Z"
"2025-04-21T00:00:00.000Z";"2025-04-27T23:59:59.999Z";"2025-04-25T14:57:00.000Z";"2025-04-21T00:05:00.000Z";"2781";85171.5427512029;95768.3924669559;85143.8377085489;93754.846738124;247116398033.02;1861696344787.47;"2025-04-27T23:59:59.999Z"
"2025-04-14T00:00:00.000Z";"2025-04-20T23:59:59.999Z";"2025-04-15T13:53:00.000Z";"2025-04-16T01:01:00.000Z";"2781";83694.5232732834;86429.3484786375;83100.617930143;85174.3016291611;155677486406.33;1690999727673.35;"2025-04-20T23:59:59.999Z"
"2025-04-07T00:00:00.000Z";"2025-04-13T23:59:59.999Z";"2025-04-13T01:32:00.000Z";"2025-04-07T07:05:00.000Z";"2781";78221.3331336497;86015.1858492691;74436.6791009452;83684.9790281051;363220466107.27;1661414206575.85;"2025-04-13T23:59:59.999Z"
"2025-03-31T00:00:00.000Z";"2025-04-06T23:59:59.999Z";"2025-04-02T20:18:00.000Z";"2025-04-06T23:22:00.000Z";"2781";82336.0593457524;88466.9569585923;77097.7409017465;78214.4808171041;237449686689.73;1552514022964.74;"2025-04-06T23:59:59.999Z"
"2025-03-24T00:00:00.000Z";"2025-03-30T23:59:59.999Z";"2025-03-24T14:22:00.000Z";"2025-03-30T22:10:00.000Z";"2781";86070.9281111585;88758.7296368342;81573.2470657633;82334.5226969202;181637739546.92;1633897839688.31;"2025-03-30T23:59:59.999Z"
"2025-03-17T00:00:00.000Z";"2025-03-23T23:59:59.999Z";"2025-03-20T00:11:00.000Z";"2025-03-18T13:59:00.000Z";"2781";82576.3342781945;87443.2677695942;81179.9901632846;86054.3718630108;154637791296.6;1707315972975.48;"2025-03-23T23:59:59.999Z"
"2025-03-10T00:00:00.000Z";"2025-03-16T23:59:59.999Z";"2025-03-14T15:43:00.000Z";"2025-03-11T00:52:00.000Z";"2781";80597.1497836398;85263.2898568471;76624.2524898268;82579.6908921864;299802072285.57;1638135611739.34;"2025-03-16T23:59:59.999Z"
"2025-03-03T00:00:00.000Z";"2025-03-09T23:59:59.999Z";"2025-03-03T00:02:00.000Z";"2025-03-09T23:08:00.000Z";"2781";94248.4214971805;94429.7478237328;80052.4869785059;80601.0413114199;351467410240.01;1598204838668.61;"2025-03-09T23:59:59.999Z"
"2025-02-24T00:00:00.000Z";"2025-03-02T23:59:59.999Z";"2025-02-24T00:12:00.000Z";"2025-02-28T08:47:00.000Z";"2781";96277.9637903407;96503.4544271125;78248.9161015268;94248.3505251674;545971941333.43;1869318230178.38;"2025-03-02T23:59:59.999Z"
"2025-02-17T00:00:00.000Z";"2025-02-23T23:59:59.999Z";"2025-02-21T13:48:00.000Z";"2025-02-18T19:14:00.000Z";"2781";96179.0045652885;99497.9667673705;93388.8322011121;96273.9197465574;210283176726.84;1909022572746.19;"2025-02-23T23:59:59.999Z"
"2025-02-10T00:00:00.000Z";"2025-02-16T23:59:59.999Z";"2025-02-14T17:58:00.000Z";"2025-02-12T13:42:00.000Z";"2781";96499.4620926385;98819.468963167;94101.2033270052;96175.0320402609;270416443404.78;1906779638967.32;"2025-02-16T23:59:59.999Z"
"2025-02-03T00:00:00.000Z";"2025-02-09T23:59:59.999Z";"2025-02-03T22:10:00.000Z";"2025-02-03T02:09:00.000Z";"2781";97681.1032562505;102514.1746801738;91242.8926025841;96500.0947902698;388753129799;1912827391516.37;"2025-02-09T23:59:59.999Z"
"2025-01-27T00:00:00.000Z";"2025-02-02T23:59:59.999Z";"2025-01-30T15:13:00.000Z";"2025-02-02T22:42:00.000Z";"2781";102680.3035909706;106418.7666945693;96216.0778118839;97688.9793048889;409298299816.49;1935746524005.4;"2025-02-02T23:59:59.999Z"
"2025-01-20T00:00:00.000Z";"2025-01-26T23:59:59.999Z";"2025-01-20T06:56:00.000Z";"2025-01-20T00:42:00.000Z";"2781";101083.753465156;109114.8848340883;99471.3589402134;102682.4970331773;471816874720.2;2034705019960.93;"2025-01-26T23:59:59.999Z"
"2025-01-13T00:00:00.000Z";"2025-01-19T23:59:59.999Z";"2025-01-19T21:00:00.000Z";"2025-01-13T14:37:00.000Z";"2781";94488.8921736814;106299.7985288669;89260.1001886086;101089.6064983213;509671909078.26;2002715800503.2;"2025-01-19T23:59:59.999Z"
"2025-01-06T00:00:00.000Z";"2025-01-12T23:59:59.999Z";"2025-01-07T00:37:00.000Z";"2025-01-09T20:23:00.000Z";"2781";98314.9569580597;102712.4856972717;91220.8422602806;94488.4410616268;422629403522.46;1871766465336.38;"2025-01-12T23:59:59.999Z"
"2024-12-30T00:00:00.000Z";"2025-01-05T23:59:59.999Z";"2025-01-03T19:22:00.000Z";"2024-12-30T15:11:00.000Z";"2781";93527.1974974745;98956.9170426074;91317.1354600511;98314.9594436372;294831382340.72;1947189546143.58;"2025-01-05T23:59:59.999Z"
"2024-12-23T00:00:00.000Z";"2024-12-29T23:59:59.999Z";"2024-12-26T00:11:00.000Z";"2024-12-23T20:17:00.000Z";"2781";95099.3919548289;99884.57216657;92403.1313832204;93530.2284378695;346327568984.98;1852119372624.09;"2024-12-29T23:59:59.999Z"
"2024-12-16T00:00:00.000Z";"2024-12-22T23:59:59.999Z";"2024-12-17T14:59:00.000Z";"2024-12-20T12:18:00.000Z";"2781";104293.5764606967;108268.4470804361;92175.1804504625;95104.9343710597;742331818762.3;1882953315399.26;"2024-12-22T23:59:59.999Z"
"2024-12-09T00:00:00.000Z";"2024-12-15T23:59:59.999Z";"2024-12-15T23:28:00.000Z";"2024-12-10T18:13:00.000Z";"2781";101237.0615213342;105047.5418842031;94321.25879199;104298.6957979219;593503266057.49;2065144333081.26;"2024-12-15T23:59:59.999Z"
"2024-12-02T00:00:00.000Z";"2024-12-08T23:59:59.999Z";"2024-12-05T03:09:00.000Z";"2024-12-05T22:29:00.000Z";"2781";97276.0101170567;103900.4721472336;91998.781701436;101236.0131403532;549005393437.97;2003538950158.15;"2024-12-08T23:59:59.999Z"
"2024-11-25T00:00:00.000Z";"2024-12-01T23:59:59.999Z";"2024-11-25T09:23:00.000Z";"2024-11-26T20:40:00.000Z";"2781";98033.4427003163;98935.0318069042;90770.8150406524;97279.7929223558;471413056943.92;1924784957143.68;"2024-12-01T23:59:59.999Z"
"2024-11-18T00:00:00.000Z";"2024-11-24T23:59:59.999Z";"2024-11-22T19:38:00.000Z";"2024-11-18T14:00:00.000Z";"2781";89843.7154789328;99655.5010786335;89393.5905739655;98013.8209078789;608437036819.55;1937919789263.12;"2024-11-24T23:59:59.999Z"
"2024-11-11T00:00:00.000Z";"2024-11-17T23:59:59.999Z";"2024-11-13T16:16:00.000Z";"2024-11-11T00:13:00.000Z";"2781";80471.4131920498;93434.3553403447;80283.2476219227;89845.8512088281;631742325165.45;1777526304284.46;"2024-11-17T23:59:59.999Z"
"2024-11-04T00:00:00.000Z";"2024-11-10T23:59:59.999Z";"2024-11-10T22:23:00.000Z";"2024-11-04T21:55:00.000Z";"2781";68742.1346678016;81474.4238878783;66803.649995796;80474.185602194;436048950363.17;1591750610705.99;"2024-11-10T23:59:59.999Z"
"2024-10-28T00:00:00.000Z";"2024-11-03T23:59:59.999Z";"2024-10-29T19:12:00.000Z";"2024-11-03T15:40:00.000Z";"2781";67922.6742726804;73577.2096582116;67482.5254366951;68741.1154919735;320458852735.48;1359535744745.29;"2024-11-03T23:59:59.999Z"
"2024-10-21T00:00:00.000Z";"2024-10-27T23:59:59.999Z";"2024-10-21T00:32:00.000Z";"2024-10-23T18:21:00.000Z";"2781";69002.0001468977;69462.7367822244;65188.0352924195;67929.298795622;210764883686.53;1343230761707.59;"2024-10-27T23:59:59.999Z"
"2024-10-14T00:00:00.000Z";"2024-10-20T23:59:59.999Z";"2024-10-20T22:53:00.000Z";"2024-10-14T00:53:00.000Z";"2781";62848.3994880925;69359.0070607416;62442.1539998429;69001.7066212849;233833427419.27;1364212669154.26;"2024-10-20T23:59:59.999Z"
"2024-10-07T00:00:00.000Z";"2024-10-13T23:59:59.999Z";"2024-10-07T14:25:00.000Z";"2024-10-10T18:27:00.000Z";"2781";62819.1093330048;64443.7064117964;58895.2078078197;62851.3749169602;202504726756.79;1242341595990.99;"2024-10-13T23:59:59.999Z"
"2024-09-30T00:00:00.000Z";"2024-10-06T23:59:59.999Z";"2024-09-30T00:00:00.000Z";"2024-10-03T13:19:00.000Z";"2781";65634.6601298628;65635.052877058;59878.8034256844;62818.9544761374;221870167579.39;1241559389621.88;"2024-10-06T23:59:59.999Z"
"2024-09-23T00:00:00.000Z";"2024-09-29T23:59:59.999Z";"2024-09-27T14:39:00.000Z";"2024-09-23T00:17:00.000Z";"2781";63643.1020803622;66480.6947101072;62628.0786641199;65635.3081461486;185380794223.05;1296984728119.06;"2024-09-29T23:59:59.999Z"
"2024-09-16T00:00:00.000Z";"2024-09-22T23:59:59.999Z";"2024-09-20T04:10:00.000Z";"2024-09-16T17:13:00.000Z";"2781";59185.22685956;64119.530359621;57501.3391727673;63648.7098902519;223578476938.45;1257434508161.25;"2024-09-22T23:59:59.999Z"
"2024-09-09T00:00:00.000Z";"2024-09-15T23:59:59.999Z";"2024-09-14T00:19:00.000Z";"2024-09-09T05:55:00.000Z";"2781";54851.8873519906;60656.7211280316;54598.4337284331;59182.8353338828;238449454690.75;1169182849928.94;"2024-09-15T23:59:59.999Z"
"2024-09-02T00:00:00.000Z";"2024-09-08T23:59:59.999Z";"2024-09-03T02:16:00.000Z";"2024-09-06T21:01:00.000Z";"2781";57326.967287785;59815.056946191;52598.6996623841;54841.5663542288;226114330694.72;1083415774482.94;"2024-09-08T23:59:59.999Z"
"2024-08-26T00:00:00.000Z";"2024-09-01T23:59:59.999Z";"2024-08-26T00:08:00.000Z";"2024-09-01T23:19:00.000Z";"2781";64342.2254421225;64489.7063803201;57217.8238628753;57325.4876891906;208589155271.33;1132107052433.14;"2024-09-01T23:59:59.999Z"
"2024-08-19T00:00:00.000Z";"2024-08-25T23:59:59.999Z";"2024-08-25T23:29:00.000Z";"2024-08-19T10:06:00.000Z";"2781";58480.7127277463;64996.4201037902;57864.7095096926;64333.5441834656;200670274120.26;1270273035259.48;"2024-08-25T23:59:59.999Z"
"2024-08-12T00:00:00.000Z";"2024-08-18T23:59:59.999Z";"2024-08-14T12:31:00.000Z";"2024-08-15T20:57:00.000Z";"2781";58719.3952192515;61687.756592205;56161.5928697264;58483.9649819015;193731393138.94;1154518920582.08;"2024-08-18T23:59:59.999Z"
"2024-08-05T00:00:00.000Z";"2024-08-11T23:59:59.999Z";"2024-08-08T23:01:00.000Z";"2024-08-05T06:25:00.000Z";"2781";58110.2984557763;62673.7639765565;49121.2373775943;58719.483169327;350584287762.92;1159042118919.04;"2024-08-11T23:59:59.999Z"
"2024-07-29T00:00:00.000Z";"2024-08-04T23:59:59.999Z";"2024-07-29T13:07:00.000Z";"2024-08-04T17:45:00.000Z";"2781";68259.0549329203;69987.5422080099;57210.8033286504;58116.9769610403;251002338760.54;1146844860380.54;"2024-08-04T23:59:59.999Z"
"2024-07-22T00:00:00.000Z";"2024-07-28T23:59:59.999Z";"2024-07-27T14:05:00.000Z";"2024-07-25T14:14:00.000Z";"2781";68152.9761329417;69398.5113084796;63473.4732846473;68255.8657690205;227265184991.35;1346858598263.74;"2024-07-28T23:59:59.999Z"
"2024-07-15T00:00:00.000Z";"2024-07-21T23:59:59.999Z";"2024-07-21T22:05:00.000Z";"2024-07-15T00:15:00.000Z";"2781";60815.4578978154;68372.9051655897;60704.9291986666;68154.522905866;222161876178.07;1344591292880.38;"2024-07-21T23:59:59.999Z"
"2024-07-08T00:00:00.000Z";"2024-07-14T23:59:59.999Z";"2024-07-14T22:00:00.000Z";"2024-07-08T01:23:00.000Z";"2781";55849.5737694153;61329.5291439691;54321.0190639668;60787.7923701369;187407019961.57;1198755021571.63;"2024-07-14T23:59:59.999Z"
"2024-07-01T00:00:00.000Z";"2024-07-07T23:59:59.999Z";"2024-07-01T18:21:00.000Z";"2024-07-05T04:20:00.000Z";"2781";62673.6063386528;63777.227541783;53717.3754334207;55849.1106386094;213107531442.73;1101324021018.89;"2024-07-07T23:59:59.999Z"
"2024-06-24T00:00:00.000Z";"2024-06-30T23:59:59.999Z";"2024-06-24T01:59:00.000Z";"2024-06-24T20:31:00.000Z";"2781";63173.3527128475;63292.5271566001;58601.7000722967;62678.292079457;195982960749.43;1235944779945.39;"2024-06-30T23:59:59.999Z"
"2024-06-17T00:00:00.000Z";"2024-06-23T23:59:59.999Z";"2024-06-17T18:35:00.000Z";"2024-06-21T23:42:59.000Z";"2781";66636.5154989442;67188.3174738561;62785.5293236621;63180.7982064002;163449015388.04;1245656822237.84;"2024-06-23T23:59:59.999Z"
"2024-06-10T00:00:00.000Z";"2024-06-16T23:59:59.999Z";"2024-06-10T15:55:00.000Z";"2024-06-14T17:06:00.000Z";"2781";69644.3127359651;70146.068326324;65056.8930142447;66639.0465356994;175973271621.27;1313672583954.16;"2024-06-16T23:59:59.999Z"
"2024-06-03T00:00:00.000Z";"2024-06-09T23:59:59.999Z";"2024-06-07T12:17:00.000Z";"2024-06-03T00:39:00.000Z";"2781";67753.8954139676;71907.8489829092;67589.8364154256;69647.9930028748;187569500742.38;1372773642949.49;"2024-06-09T23:59:59.999Z"
"2024-05-27T00:00:00.000Z";"2024-06-02T23:59:59.999Z";"2024-05-27T16:20:00.000Z";"2024-05-31T16:20:00.000Z";"2781";68512.1802655161;70597.8795113327;66633.4183418303;67751.6025754618;170949409909.92;1335227914032.14;"2024-06-02T23:59:59.999Z"
"2024-05-20T00:00:00.000Z";"2024-05-26T23:59:59.999Z";"2024-05-21T00:20:00.000Z";"2024-05-20T01:34:00.000Z";"2781";66278.7446711611;71946.462688481;66086.1741180514;68518.089965076;225779718034.34;1349968658779.99;"2024-05-26T23:59:59.999Z"
"2024-05-13T00:00:00.000Z";"2024-05-19T23:59:59.999Z";"2024-05-19T10:38:00.000Z";"2024-05-13T03:22:00.000Z";"2781";61451.2185129853;67694.2987797957;60769.8406689419;66278.3700820502;191456349027.25;1305732230286.08;"2024-05-19T23:59:59.999Z"
"2024-05-06T00:00:00.000Z";"2024-05-12T23:59:59.999Z";"2024-05-06T08:46:00.000Z";"2024-05-10T17:52:00.000Z";"2781";64038.3135554184;65494.9017248;60208.7815474421;61448.3946717975;161617857128.39;1210435745366.84;"2024-05-12T23:59:59.999Z"
"2024-04-29T00:00:00.000Z";"2024-05-05T23:59:59.999Z";"2024-04-30T00:57:00.000Z";"2024-05-01T08:24:00.000Z";"2781";63106.3642006694;64703.332363219;56555.2940546252;64031.1328085695;217717011806.09;1261203911121.78;"2024-05-05T23:59:59.999Z"
"2024-04-22T00:00:00.000Z";"2024-04-28T23:59:59.999Z";"2024-04-22T23:13:00.000Z";"2024-04-27T01:19:00.000Z";"2781";64935.6331696056;67233.9570363906;62424.7206816789;63113.2316825626;176031088174.54;1242661116273.87;"2024-04-28T23:59:59.999Z"
"2024-04-15T00:00:00.000Z";"2024-04-21T23:59:59.999Z";"2024-04-15T09:23:00.000Z";"2024-04-19T02:31:00.000Z";"2781";65739.6445392053;66878.6469049673;59651.3902645616;64926.643211728;257889555863.56;1278296008665.19;"2024-04-21T23:59:59.999Z"
"2024-04-08T00:00:00.000Z";"2024-04-14T23:59:59.999Z";"2024-04-08T12:13:00.000Z";"2024-04-13T20:10:00.000Z";"2781";69362.5540045166;72715.3596085505;60919.10616167;65738.723886878;288243675431.56;1293922154520.65;"2024-04-14T23:59:59.999Z"
"2024-04-01T00:00:00.000Z";"2024-04-07T23:59:59.999Z";"2024-04-01T00:00:00.000Z";"2024-04-03T00:39:00.000Z";"2781";71333.4847168797;71342.0914544441;64559.8999476563;69362.5512776015;229427260104.16;1364795785582.02;"2024-04-07T23:59:59.999Z"
"2024-03-25T00:00:00.000Z";"2024-03-31T23:59:59.999Z";"2024-03-27T13:31:00.000Z";"2024-03-25T02:18:00.000Z";"2781";67234.0975756782;71727.6837626186;66414.8322302473;71333.6479258644;216324625835.62;1403108244335.61;"2024-03-31T23:59:59.999Z"
"2024-03-18T00:00:00.000Z";"2024-03-24T23:59:59.999Z";"2024-03-18T05:37:00.000Z";"2024-03-20T05:34:00.000Z";"2781";68371.3072649579;68897.1344141915;60807.785959948;67234.1723529876;328097121682.69;1322058484488.52;"2024-03-24T23:59:59.999Z"
"2024-03-11T00:00:00.000Z";"2024-03-17T23:59:59.999Z";"2024-03-14T07:07:00.000Z";"2024-03-17T07:23:00.000Z";"2781";69020.5497746578;73750.07385038;64545.3181028634;68390.6228032209;405957750577.11;1343978205472.65;"2024-03-17T23:59:59.999Z"
"2024-03-04T00:00:00.000Z";"2024-03-10T23:59:59.999Z";"2024-03-08T15:32:00.000Z";"2024-03-05T19:58:00.000Z";"2781";63137.0046815427;70083.0516244158;59323.9089421326;69019.7863638058;405709693297.48;1356284493147.36;"2024-03-10T23:59:59.999Z"
"2024-02-26T00:00:00.000Z";"2024-03-03T23:59:59.999Z";"2024-02-28T17:16:00.000Z";"2024-02-26T09:58:00.000Z";"2781";51730.5397930603;63913.1318135774;50931.0316078668;63167.3703575333;322895666088.51;1240856664934.87;"2024-03-03T23:59:59.999Z"
"2024-02-19T00:00:00.000Z";"2024-02-25T23:59:59.999Z";"2024-02-20T13:46:00.000Z";"2024-02-23T23:18:00.000Z";"2781";52134.8122142975;52945.0525658512;50561.7758617907;51733.2366017007;160769145625.15;1015926591604.23;"2024-02-25T23:59:59.999Z"
"2024-02-12T00:00:00.000Z";"2024-02-18T23:59:59.999Z";"2024-02-15T14:52:00.000Z";"2024-02-12T10:08:00.000Z";"2781";48296.3851963696;52820.0669345775;47745.760261073;52122.5454555893;213560041469.69;1023243073518.32;"2024-02-18T23:59:59.999Z"
"2024-02-05T00:00:00.000Z";"2024-02-11T23:59:59.999Z";"2024-02-11T04:01:00.000Z";"2024-02-05T01:14:00.000Z";"2781";42577.6229811484;48535.9359097846;42264.8172969015;48293.916750573;157826395447.78;947774152969.59;"2024-02-11T23:59:59.999Z"
"2024-01-29T00:00:00.000Z";"2024-02-04T23:59:59.999Z";"2024-01-30T12:24:00.000Z";"2024-01-29T14:52:00.000Z";"2781";42030.9153796232;43838.9468441061;41818.3310863757;42583.5829201294;135184187434.21;835421763160.27;"2024-02-04T23:59:59.999Z"
"2024-01-22T00:00:00.000Z";"2024-01-28T23:59:59.999Z";"2024-01-28T05:20:00.000Z";"2024-01-23T14:24:00.000Z";"2781";41553.6526912489;42797.1773592875;38521.8938882205;42035.5943721701;155314602893.66;824387868796.11;"2024-01-28T23:59:59.999Z"
"2024-01-15T00:00:00.000Z";"2024-01-21T23:59:59.999Z";"2024-01-16T21:39:00.000Z";"2024-01-19T17:11:00.000Z";"2781";41715.0665274581;43566.2749235186;40297.4578577579;41545.7835143902;139135824834.73;814488966035.62;"2024-01-21T23:59:59.999Z"
"2024-01-08T00:00:00.000Z";"2024-01-14T23:59:59.999Z";"2024-01-11T14:52:00.000Z";"2024-01-14T23:55:00.000Z";"2781";43948.7069553091;48969.3713995297;41724.6137245906;41796.2696064245;259971819745.56;819159863482.62;"2024-01-14T23:59:59.999Z"
"2024-01-01T00:00:00.000Z";"2024-01-07T23:59:59.999Z";"2024-01-02T09:07:00.000Z";"2024-01-03T12:10:00.000Z";"2781";42280.2352761923;45899.7063545898;40813.5348681668;43943.0972289695;202311773985.07;860951836726.3;"2024-01-07T23:59:59.999Z"
"2023-12-25T00:00:00.000Z";"2023-12-31T23:59:59.999Z";"2023-12-28T00:39:00.000Z";"2023-12-29T22:21:00.000Z";"2781";43010.5729205333;43804.7814175761;41424.0606411494;42265.185654866;157807126206.72;827811209384.42;"2023-12-31T23:59:59.999Z"
"2023-12-18T00:00:00.000Z";"2023-12-24T23:59:59.999Z";"2023-12-22T06:35:00.000Z";"2023-12-18T10:38:00.000Z";"2781";41348.2020891569;44367.9557717841;40530.2585192877;43016.1176211831;152084171490.39;842253948410.3;"2023-12-24T23:59:59.999Z"
"2023-12-11T00:00:00.000Z";"2023-12-17T23:59:59.999Z";"2023-12-11T00:10:00.000Z";"2023-12-11T19:42:00.000Z";"2781";43792.0178583651;43808.3730556685;40234.5783345331;41364.665918237;168493481949.39;809628537784.36;"2023-12-17T23:59:59.999Z"
"2023-12-04T00:00:00.000Z";"2023-12-10T23:59:59.999Z";"2023-12-08T21:26:00.000Z";"2023-12-04T00:00:00.000Z";"2781";39978.6286477951;44705.5150094178;39978.6286477951;43779.6972879957;188503614894.28;856608048216.73;"2023-12-10T23:59:59.999Z"
"2023-11-27T00:00:00.000Z";"2023-12-03T23:59:59.999Z";"2023-12-03T23:11:00.000Z";"2023-11-27T16:02:00.000Z";"2781";37454.1919552581;40135.6048969089;36750.127104535;39978.3918165449;134360107954.22;781986059221.04;"2023-12-03T23:59:59.999Z"
"2023-11-20T00:00:00.000Z";"2023-11-26T23:59:59.999Z";"2023-11-24T15:41:00.000Z";"2023-11-22T00:01:00.000Z";"2781";37374.0746847021;38415.3381982376;35670.9718775193;37479.1222936619;130439893957.47;732864171270.83;"2023-11-26T23:59:59.999Z"
"2023-11-13T00:00:00.000Z";"2023-11-19T23:59:59.999Z";"2023-11-15T23:57:00.000Z";"2023-11-14T18:54:00.000Z";"2781";37070.3058713039;37964.8928323147;34948.5002761446;37386.547774872;143535361088.64;730802775303.56;"2023-11-19T23:59:59.999Z"
"2023-11-06T00:00:00.000Z";"2023-11-12T23:59:59.999Z";"2023-11-09T14:54:00.000Z";"2023-11-07T12:13:00.000Z";"2781";35044.7899191289;37926.2567969959;34545.8150953191;37054.5201429095;134767494803.38;724074263172.69;"2023-11-12T23:59:59.999Z"
"2023-10-30T00:00:00.000Z";"2023-11-05T23:59:59.999Z";"2023-11-02T02:51:00.000Z";"2023-10-31T08:07:00.000Z";"2781";34531.7413739892;35919.8436017766;34083.3094592027;35049.3559240236;115520056635.34;684667682720.63;"2023-11-05T23:59:59.999Z"
"2023-10-23T00:00:00.000Z";"2023-10-29T23:59:59.999Z";"2023-10-24T02:27:00.000Z";"2023-10-23T01:03:00.000Z";"2781";30140.6848629718;35150.4334987547;30097.8287422783;34538.4820881103;165718773022.78;674455804209.68;"2023-10-29T23:59:59.999Z"
"2023-10-16T00:00:00.000Z";"2023-10-22T23:59:59.999Z";"2023-10-21T18:02:00.000Z";"2023-10-16T00:46:00.000Z";"2781";27162.6282288816;30287.4816486504;27130.4734781668;29993.896524372;113402383092.98;585517392721.71;"2023-10-22T23:59:59.999Z"
"2023-10-09T00:00:00.000Z";"2023-10-15T23:59:59.999Z";"2023-10-09T01:54:00.000Z";"2023-10-12T17:36:00.000Z";"2781";27934.4721623395;27989.4709019697;26558.320783999;27159.6529187802;72673654487.54;530017041635.81;"2023-10-15T23:59:59.999Z"
"2023-10-02T00:00:00.000Z";"2023-10-08T23:59:59.999Z";"2023-10-02T14:00:00.000Z";"2023-10-06T13:01:00.000Z";"2781";27976.7991520291;28494.4596384314;27215.5524462077;27935.0895806612;82183775697.04;544957531993.92;"2023-10-08T23:59:59.999Z"
"2023-09-25T00:00:00.000Z";"2023-10-01T23:59:59.999Z";"2023-10-01T22:34:00.000Z";"2023-09-25T12:23:00.000Z";"2781";26253.7752994376;28047.2377100269;26011.4696157754;27983.7503817847;73012240735.05;545719315434.05;"2023-10-01T23:59:59.999Z"
"2023-09-18T00:00:00.000Z";"2023-09-24T23:59:59.999Z";"2023-09-19T15:37:00.000Z";"2023-09-24T23:29:00.000Z";"2781";26532.9947937991;27488.7638021952;26221.050004588;26256.8257867445;82251905212.03;511876976253.54;"2023-09-24T23:59:59.999Z"
"2023-09-11T00:00:00.000Z";"2023-09-17T23:59:59.999Z";"2023-09-15T23:09:00.000Z";"2023-09-11T20:02:00.000Z";"2781";25831.7155007322;26840.4979252215;24930.2974941684;26534.18751685;85796699859.87;517116820259.64;"2023-09-17T23:59:59.999Z"
"2023-09-04T00:00:00.000Z";"2023-09-10T23:59:59.999Z";"2023-09-08T00:58:00.000Z";"2023-09-06T17:06:00.000Z";"2781";25968.1701334655;26414.005974773;25404.3596799132;25832.2262469114;69814611152.08;503258420290.44;"2023-09-10T23:59:59.999Z"
"2023-08-28T00:00:00.000Z";"2023-09-03T23:59:59.999Z";"2023-08-29T16:28:00.000Z";"2023-09-01T17:42:00.000Z";"2781";26089.6149228858;28089.3380271543;25362.6091281569;25969.5673526316;113161627782.68;505774022624.31;"2023-09-03T23:59:59.999Z"
"2023-08-21T00:00:00.000Z";"2023-08-27T23:59:59.999Z";"2023-08-23T19:49:00.000Z";"2023-08-22T21:27:00.000Z";"2781";26188.6906508187;26786.8976054909;25520.728490709;26089.6934716635;83086807452.36;507949530130.7;"2023-08-27T23:59:59.999Z"
"2023-08-14T00:00:00.000Z";"2023-08-20T23:59:59.999Z";"2023-08-14T16:52:00.000Z";"2023-08-17T21:45:00.000Z";"2781";29283.262942771;29660.2543392724;25409.1116027686;26189.5846686604;116418274959.8;509733936200.2;"2023-08-20T23:59:59.999Z"
"2023-08-07T00:00:00.000Z";"2023-08-13T23:59:59.999Z";"2023-08-08T21:22:00.000Z";"2023-08-07T16:18:00.000Z";"2781";29038.5128459431;30176.7962374838;28724.1405310678;29282.9143793982;85153014452.96;569738074810.23;"2023-08-13T23:59:59.999Z"
"2023-07-31T00:00:00.000Z";"2023-08-06T23:59:59.999Z";"2023-08-02T01:33:00.000Z";"2023-08-01T15:31:00.000Z";"2781";29278.3140543721;29987.9971121967;28657.0238197426;29041.8561709403;87827001051.05;564864625278.2;"2023-08-06T23:59:59.999Z"
"2023-07-24T00:00:00.000Z";"2023-07-30T23:59:59.999Z";"2023-07-24T00:26:00.000Z";"2023-07-24T15:11:00.000Z";"2781";30081.6616445789;30093.3942473004;28934.2941602457;29275.307946897;76309629497.45;569216997017.29;"2023-07-30T23:59:59.999Z"
"2023-07-17T00:00:00.000Z";"2023-07-23T23:59:59.999Z";"2023-07-17T05:14:00.000Z";"2023-07-18T16:49:00.000Z";"2781";30249.626617143;30336.4001335;29556.428372971;30084.5392407563;81229098740.57;584762966697.84;"2023-07-23T23:59:59.999Z"
"2023-07-10T00:00:00.000Z";"2023-07-16T23:59:59.999Z";"2023-07-13T19:32:00.000Z";"2023-07-14T19:06:00.000Z";"2781";30172.4229553721;31814.5148120678;29966.3871365008;30249.1328102967;102917922457.03;587778068681.36;"2023-07-16T23:59:59.999Z"
"2023-07-03T00:00:00.000Z";"2023-07-09T23:59:59.999Z";"2023-07-06T09:01:00.000Z";"2023-07-07T00:04:00.000Z";"2781";30624.5163112716;31460.053612688;29777.2844100844;30171.2335717583;90491031635.34;586079772336.97;"2023-07-09T23:59:59.999Z"
"2023-06-26T00:00:00.000Z";"2023-07-02T23:59:59.999Z";"2023-06-30T04:52:00.000Z";"2023-06-30T13:48:00.000Z";"2781";30480.523973069;31256.8626995544;29600.2759394191;30620.7702634481;106681707513.27;594601955892.83;"2023-07-02T23:59:59.999Z"
"2023-06-19T00:00:00.000Z";"2023-06-25T23:59:59.999Z";"2023-06-23T16:15:00.000Z";"2023-06-19T00:57:00.000Z";"2781";26335.4423696201;31389.5381281357;26312.8318076296;30480.2616057375;138005623533.5;591683600297.12;"2023-06-25T23:59:59.999Z"
"2023-06-12T00:00:00.000Z";"2023-06-18T23:59:59.999Z";"2023-06-17T05:42:00.000Z";"2023-06-15T11:18:00.000Z";"2781";25934.2855973595;26769.3945019205;24797.1678486154;26336.213003281;92905085602.87;511079706782.86;"2023-06-18T23:59:59.999Z"
"2023-06-05T00:00:00.000Z";"2023-06-11T23:59:59.999Z";"2023-06-07T00:47:00.000Z";"2023-06-06T12:15:00.000Z";"2781";27123.1099638092;27332.1809565185;25434.8671315473;25940.1680803434;116498927148.53;503230985845.05;"2023-06-11T23:59:59.999Z"
"2023-05-29T00:00:00.000Z";"2023-06-04T23:59:59.999Z";"2023-05-29T00:25:00.000Z";"2023-06-02T00:39:00.000Z";"2781";28075.5921411669;28432.0387169709;26574.6444212308;27119.0671931263;91351657572.02;525920232790.71;"2023-06-04T23:59:59.999Z"
"2023-05-22T00:00:00.000Z";"2023-05-28T23:59:59.999Z";"2023-05-28T23:16:00.000Z";"2023-05-25T01:28:00.000Z";"2781";26749.8932054031;28193.448532831;25890.5944753459;28085.6473607492;90053064704.55;544483610242.01;"2023-05-28T23:59:59.999Z"
"2023-05-15T00:00:00.000Z";"2023-05-21T23:59:59.999Z";"2023-05-15T17:18:00.000Z";"2023-05-18T17:58:00.000Z";"2781";26931.3846319054;27646.3481186699;26415.1014830457;26753.8256390547;84459727715.84;518489461930.79;"2023-05-21T23:59:59.999Z"
"2023-05-08T00:00:00.000Z";"2023-05-14T23:59:59.999Z";"2023-05-08T00:28:00.000Z";"2023-05-12T19:29:00.000Z";"2781";28450.4574779637;28663.2723318452;25878.428829536;26930.6378455643;109959496438.77;521742220416.76;"2023-05-14T23:59:59.999Z"
"2023-05-01T00:00:00.000Z";"2023-05-07T23:59:59.999Z";"2023-05-06T00:38:00.000Z";"2023-05-01T20:59:00.000Z";"2781";29227.1039819099;29820.1266220765;27680.7926396911;28454.9782855135;114911964254.11;551083296208.8;"2023-05-07T23:59:59.999Z"
"2023-04-24T00:00:00.000Z";"2023-04-30T23:59:59.999Z";"2023-04-26T12:59:00.000Z";"2023-04-24T16:56:00.000Z";"2781";27591.7295218905;29995.8384911174;27070.8494995525;29268.8070431626;137303647008.64;566661285145.37;"2023-04-30T23:59:59.999Z"
"2023-04-17T00:00:00.000Z";"2023-04-23T23:59:59.999Z";"2023-04-18T12:23:00.000Z";"2023-04-22T01:18:00.000Z";"2781";30317.1456974152;30470.3020147381;27169.5711204099;27591.3846319068;129935327802.89;534020212996.71;"2023-04-23T23:59:59.999Z"
"2023-04-10T00:00:00.000Z";"2023-04-16T23:59:59.999Z";"2023-04-14T06:54:00.000Z";"2023-04-10T13:58:00.000Z";"2781";28336.0282374011;31005.6080444729;28189.2707713694;30315.3554561203;142518888450.61;586546802552.23;"2023-04-16T23:59:59.999Z"
"2023-04-03T00:00:00.000Z";"2023-04-09T23:59:59.999Z";"2023-04-05T02:38:00.000Z";"2023-04-03T21:02:00.000Z";"2781";28183.0803582438;28739.2381106536;27276.7199488097;28333.0500476249;98141424556.12;548015190714.46;"2023-04-09T23:59:59.999Z"
"2023-03-27T00:00:00.000Z";"2023-04-02T23:59:59.999Z";"2023-03-30T02:41:00.000Z";"2023-03-27T15:12:00.000Z";"2781";27994.0679232525;29159.9026178662;26606.6890011395;28199.3083837745;121255230917;545245950698.05;"2023-04-02T23:59:59.999Z"
"2023-03-20T00:00:00.000Z";"2023-03-26T23:59:59.999Z";"2023-03-22T18:06:00.000Z";"2023-03-22T20:00:00.000Z";"2781";28041.6019174942;28803.3359206694;26759.9962331222;27994.3295142227;191720356212.36;541106062437.58;"2023-03-26T23:59:59.999Z"
"2023-03-13T00:00:00.000Z";"2023-03-19T23:59:59.999Z";"2023-03-19T20:12:00.000Z";"2023-03-13T10:19:00.000Z";"2781";22156.4066753221;28440.5612172583;21918.19993089;28038.6749467651;305833103060.12;541771324421.11;"2023-03-19T23:59:59.999Z"
"2023-03-06T00:00:00.000Z";"2023-03-12T23:59:59.999Z";"2023-03-06T16:05:00.000Z";"2023-03-10T11:25:00.000Z";"2781";22436.8167758974;22584.2938087023;19628.2543094205;22163.949951915;192057466346.41;428114557464.91;"2023-03-12T23:59:59.999Z"
"2023-02-27T00:00:00.000Z";"2023-03-05T23:59:59.999Z";"2023-03-01T09:01:00.000Z";"2023-03-04T20:49:00.000Z";"2781";23561.4506815245;23880.6324628676;22198.9810093926;22435.5141969735;138790785900.01;433216160786.45;"2023-03-05T23:59:59.999Z"
"2023-02-20T00:00:00.000Z";"2023-02-26T23:59:59.999Z";"2023-02-21T08:30:00.000Z";"2023-02-25T20:50:00.000Z";"2781";24336.6233404821;25126.851685722;22861.5586648141;23561.2129109163;180472737468.03;454795165822.83;"2023-02-26T23:59:59.999Z"
"2023-02-13T00:00:00.000Z";"2023-02-19T23:59:59.999Z";"2023-02-16T16:06:00.000Z";"2023-02-13T17:57:00.000Z";"2781";21786.9992632743;25134.1173501961;21460.0885038644;24327.6416722827;209050300776.03;469431477134.26;"2023-02-19T23:59:59.999Z"
"2023-02-06T00:00:00.000Z";"2023-02-12T23:59:59.999Z";"2023-02-08T01:17:00.000Z";"2023-02-10T21:46:00.000Z";"2781";22954.0219641729;23367.9592874059;21539.3928305144;21788.2039862606;170212590187.16;420274300806.28;"2023-02-12T23:59:59.999Z"
"2023-01-30T00:00:00.000Z";"2023-02-05T23:59:59.999Z";"2023-02-02T01:01:00.000Z";"2023-01-30T22:43:00.000Z";"2781";23774.6489666425;24167.210232202;22657.5821676256;22955.6660162974;171080243770.11;442642331535.6;"2023-02-05T23:59:59.999Z"
"2023-01-23T00:00:00.000Z";"2023-01-29T23:59:59.999Z";"2023-01-29T19:49:00.000Z";"2023-01-25T01:31:00.000Z";"2781";22721.0886719506;23919.8897614092;22406.0755024251;23774.5659233116;177486927537.2;458291157032.27;"2023-01-29T23:59:59.999Z"
"2023-01-16T00:00:00.000Z";"2023-01-22T23:59:59.999Z";"2023-01-21T19:56:00.000Z";"2023-01-18T16:47:00.000Z";"2781";20882.2238766183;23282.3477215567;20541.544548774;22720.4156286391;188938770069.22;437814457018.41;"2023-01-22T23:59:59.999Z"
"2023-01-09T00:00:00.000Z";"2023-01-15T23:59:59.999Z";"2023-01-14T14:37:00.000Z";"2023-01-09T00:00:00.000Z";"2781";17093.9924981225;21075.1418299576;17093.9924981225;20880.7992021821;175202822924.3;402234665331.34;"2023-01-15T23:59:59.999Z"
"2023-01-02T00:00:00.000Z";"2023-01-08T23:59:59.999Z";"2023-01-08T23:59:00.000Z";"2023-01-02T01:19:00.000Z";"2781";16625.5103941178;17091.1444513033;16572.2288497449;17091.1444513033;90012614323.23;329114546384.43;"2023-01-08T23:59:59.999Z"
"2022-12-26T00:00:00.000Z";"2023-01-01T23:59:59.999Z";"2022-12-27T00:14:00.000Z";"2022-12-30T14:52:00.000Z";"2781";16842.2493105753;16959.8464760475;16408.4751768261;16625.0805507091;95526200507.42;320025834692.4;"2023-01-01T23:59:59.999Z"
"2022-12-19T00:00:00.000Z";"2022-12-25T23:59:59.999Z";"2022-12-20T15:34:00.000Z";"2022-12-19T22:37:00.000Z";"2781";16759.0409268239;17012.9847052964;16398.1362516753;16841.9870522838;107997970887.14;324093186300.93;"2022-12-25T23:59:59.999Z"
"2022-12-12T00:00:00.000Z";"2022-12-18T23:59:59.999Z";"2022-12-14T18:58:00.000Z";"2022-12-16T23:35:00.000Z";"2781";17102.5006494509;18318.530584361;16584.7013982805;16757.9774032466;168070921627.61;322379914497.22;"2022-12-18T23:59:59.999Z"
"2022-12-05T00:00:00.000Z";"2022-12-11T23:59:59.999Z";"2022-12-05T05:09:00.000Z";"2022-12-07T08:06:00.000Z";"2781";17128.8940804496;17378.1533102833;16750.5581344286;17104.1928057162;129428712529.15;328933297475.65;"2022-12-11T23:59:59.999Z"
"2022-11-28T00:00:00.000Z";"2022-12-04T23:59:59.999Z";"2022-12-01T13:35:00.000Z";"2022-11-28T16:22:00.000Z";"2781";16440.2220878988;17197.4972534447;16054.5302153408;17130.4859472168;156325682750.17;329323845088.74;"2022-12-04T23:59:59.999Z"
"2022-11-21T00:00:00.000Z";"2022-11-27T23:59:59.999Z";"2022-11-24T02:04:00.000Z";"2022-11-21T21:53:00.000Z";"2781";16291.223799579;16771.4752431789;15599.0471753829;16444.6268345485;184366390569.77;316040534591.72;"2022-11-27T23:59:59.999Z"
"2022-11-14T00:00:00.000Z";"2022-11-20T23:59:59.999Z";"2022-11-14T13:31:00.000Z";"2022-11-14T06:01:00.000Z";"2781";16352.0285634204;17109.323354055;15872.9416126748;16291.8324676929;212305926999.02;313012826679.9;"2022-11-20T23:59:59.999Z"
"2022-11-07T00:00:00.000Z";"2022-11-13T23:59:59.999Z";"2022-11-07T02:18:00.000Z";"2022-11-09T23:38:00.000Z";"2781";20924.6204840491;21053.2461495293;15682.6928427807;16353.3657171761;471409252760;314093257178.25;"2022-11-13T23:59:59.999Z"
"2022-10-31T00:00:00.000Z";"2022-11-06T23:59:59.999Z";"2022-11-05T04:22:00.000Z";"2022-11-03T12:51:00.000Z";"2781";20633.6960710953;21446.8860966908;20086.2409033906;20926.4859738215;321270158406.66;401792318391.34;"2022-11-06T23:59:59.999Z"
"2022-10-24T00:00:00.000Z";"2022-10-30T23:59:59.999Z";"2022-10-29T10:24:00.000Z";"2022-10-24T14:28:00.000Z";"2781";19567.7695803849;20988.3944704236;19206.3243067081;20635.6037476843;302335723764.82;396075135322.21;"2022-10-30T23:59:59.999Z"
"2022-10-17T00:00:00.000Z";"2022-10-23T23:59:59.999Z";"2022-10-18T06:46:00.000Z";"2022-10-21T12:26:00.000Z";"2781";19268.5621023075;19666.9950059677;18770.9700605115;19567.0073980529;175664450104.28;375444263357.02;"2022-10-23T23:59:59.999Z"
"2022-10-10T00:00:00.000Z";"2022-10-16T23:59:59.999Z";"2022-10-14T01:58:00.000Z";"2022-10-13T13:20:00.000Z";"2781";19446.4162251338;19889.1462709754;18319.8226296141;19268.0928008619;197940078442.86;369584293835.81;"2022-10-16T23:59:59.999Z"
"2022-10-03T00:00:00.000Z";"2022-10-09T23:59:59.999Z";"2022-10-06T02:11:00.000Z";"2022-10-03T00:08:00.000Z";"2781";19044.0678498115;20408.3918398816;19025.2262854468;19446.4261941327;196809212801.14;372876821416.38;"2022-10-09T23:59:59.999Z"
"2022-09-26T00:00:00.000Z";"2022-10-02T23:59:59.999Z";"2022-09-27T12:52:00.000Z";"2022-09-28T02:44:00.000Z";"2781";18803.9006328979;20338.4554611365;18553.2973576077;19044.1072723711;280290121526.47;365024821953.69;"2022-10-02T23:59:59.999Z"
"2022-09-19T00:00:00.000Z";"2022-09-25T23:59:59.999Z";"2022-09-21T18:01:00.000Z";"2022-09-21T22:20:00.000Z";"2781";19418.5714215096;19674.6303314785;18290.315188225;18802.0979756765;252873598364.81;360259346858.07;"2022-09-25T23:59:59.999Z"
"2022-09-12T00:00:00.000Z";"2022-09-18T23:59:59.999Z";"2022-09-13T12:26:00.000Z";"2022-09-18T22:32:00.000Z";"2781";21770.1481330587;22673.8197662856;19387.4913478311;19419.506190767;261900187495.91;371970445843.4;"2022-09-18T23:59:59.999Z"
"2022-09-05T00:00:00.000Z";"2022-09-11T23:59:59.999Z";"2022-09-11T23:58:00.000Z";"2022-09-07T03:03:00.000Z";"2781";19988.7898184332;21770.5531906344;18644.4672270585;21769.2563395567;259528892947.78;416840289162.08;"2022-09-11T23:59:59.999Z"
"2022-08-29T00:00:00.000Z";"2022-09-04T23:59:59.999Z";"2022-08-30T07:36:00.000Z";"2022-08-29T00:22:00.000Z";"2781";19615.1533628598;20542.644969648;19600.7850348256;19986.71383922;208511390278.66;382576542382.13;"2022-09-04T23:59:59.999Z"
"2022-08-22T00:00:00.000Z";"2022-08-28T23:59:59.999Z";"2022-08-26T13:07:00.000Z";"2022-08-28T23:59:00.000Z";"2781";21531.4638488066;21804.9080080991;19616.8149844439;19616.8149844439;223346042307.64;375367382007.85;"2022-08-28T23:59:59.999Z"
"2022-08-15T00:00:00.000Z";"2022-08-21T23:59:59.999Z";"2022-08-15T03:19:00.000Z";"2022-08-20T21:03:00.000Z";"2781";24318.3154830385;25135.5903960686;20856.7313355791;21534.1212308142;208764012537.05;411906673576.29;"2022-08-21T23:59:59.999Z"
"2022-08-08T00:00:00.000Z";"2022-08-14T23:59:59.999Z";"2022-08-14T07:51:00.000Z";"2022-08-10T00:50:00.000Z";"2781";23179.5270499854;24974.9142088493;22771.520469829;24319.3339226;195343016899.79;465024405299.05;"2022-08-14T23:59:59.999Z"
"2022-08-01T00:00:00.000Z";"2022-08-07T23:59:59.999Z";"2022-08-03T12:22:00.000Z";"2022-08-04T20:02:00.000Z";"2781";23336.7180518604;23578.650444504;22485.7006555715;23175.8908490806;166393135564.39;443014963855.4;"2022-08-07T23:59:59.999Z"
"2022-07-25T00:00:00.000Z";"2022-07-31T23:59:59.999Z";"2022-07-30T15:49:00.000Z";"2022-07-26T15:56:00.000Z";"2781";22607.1555467717;24572.5794217469;20776.8160824806;23336.8956049843;223759636595.15;445941074223.04;"2022-07-31T23:59:59.999Z"
"2022-07-18T00:00:00.000Z";"2022-07-24T23:59:59.999Z";"2022-07-20T15:38:00.000Z";"2022-07-18T00:00:00.000Z";"2781";20781.9115039967;24196.8192139777;20781.9115039967;22609.164770669;244312089707.9;431888879541.1;"2022-07-24T23:59:59.999Z"
"2022-07-11T00:00:00.000Z";"2022-07-17T23:59:59.999Z";"2022-07-17T07:13:00.000Z";"2022-07-13T13:34:00.000Z";"2781";20856.352967685;21600.6401193599;18999.953131779;20779.3445398509;187297974218.51;396808327004.88;"2022-07-17T23:59:59.999Z"
"2022-07-04T00:00:00.000Z";"2022-07-10T23:59:59.999Z";"2022-07-08T01:31:00.000Z";"2022-07-04T03:04:00.000Z";"2781";19297.3141855828;22314.9405374086;19063.0661953686;20860.4493930623;206953871022.19;398237577323.43;"2022-07-10T23:59:59.999Z"
"2022-06-27T00:00:00.000Z";"2022-07-03T23:59:59.999Z";"2022-06-27T09:01:00.000Z";"2022-06-30T20:55:00.000Z";"2781";21028.2382267284;21478.0893638064;18729.6562279337;19297.0760827928;157426002964.92;368272636367.55;"2022-07-03T23:59:59.999Z"
"2022-06-20T00:00:00.000Z";"2022-06-26T23:59:59.999Z";"2022-06-26T12:17:00.000Z";"2022-06-20T01:52:00.000Z";"2781";20553.3702544391;21783.7247658329;19689.1695110104;21027.2953088067;175909056121.98;401157940864.2;"2022-06-26T23:59:59.999Z"
"2022-06-13T00:00:00.000Z";"2022-06-19T23:59:59.999Z";"2022-06-13T00:37:00.000Z";"2022-06-18T20:56:00.000Z";"2781";26737.5776601486;26795.5898175946;17708.6237125896;20553.2718217472;309685915250.09;391988917193.6;"2022-06-19T23:59:59.999Z"
"2022-06-06T00:00:00.000Z";"2022-06-12T23:59:59.999Z";"2022-06-06T14:38:00.000Z";"2022-06-12T23:59:00.000Z";"2781";29910.2837235964;31693.2901114808;26762.6490379039;26762.6490379039;215929645934.32;510252464820.78;"2022-06-12T23:59:59.999Z"
"2022-05-30T00:00:00.000Z";"2022-06-05T23:59:59.999Z";"2022-05-31T16:46:00.000Z";"2022-05-30T00:58:00.000Z";"2781";29443.3657109831;32249.8639341789;29303.571633074;29906.6617477915;203063587161.13;569996838236.88;"2022-06-05T23:59:59.999Z"
"2022-05-23T00:00:00.000Z";"2022-05-29T23:59:59.999Z";"2022-05-23T07:35:00.000Z";"2022-05-26T13:31:00.000Z";"2781";30309.3964800086;30590.5864837253;28261.9057088448;29445.9576239208;196327562570.7;561034743433.25;"2022-05-29T23:59:59.999Z"
"2022-05-16T00:00:00.000Z";"2022-05-22T23:59:59.999Z";"2022-05-16T00:01:00.000Z";"2022-05-19T02:14:00.000Z";"2781";31304.374144248;31305.3425986839;28708.9550418266;30323.7218952694;196429842102.77;577568895835.72;"2022-05-22T23:59:59.999Z"
"2022-05-09T00:00:00.000Z";"2022-05-15T23:59:59.999Z";"2022-05-09T01:22:00.000Z";"2022-05-12T07:19:00.000Z";"2781";34060.0154816197;34222.0733234167;26350.4901742248;31305.1125686764;357800928091.02;596074575228.33;"2022-05-15T23:59:59.999Z"
"2022-05-02T00:00:00.000Z";"2022-05-08T23:59:59.999Z";"2022-05-04T19:19:00.000Z";"2022-05-08T17:40:00.000Z";"2781";38472.1871454262;39902.9502136511;33878.9645692059;34059.2642505879;239044762282.93;648302121215.01;"2022-05-08T23:59:59.999Z"
"2022-04-25T00:00:00.000Z";"2022-05-01T23:59:59.999Z";"2022-04-26T08:25:00.000Z";"2022-05-01T01:38:00.000Z";"2781";39472.607372297;40713.8895679717;37585.7873728754;38469.0939025425;216681007567.2;731986764311.88;"2022-05-01T23:59:59.999Z"
"2022-04-18T00:00:00.000Z";"2022-04-24T23:59:59.999Z";"2022-04-21T13:38:00.000Z";"2022-04-18T05:07:00.000Z";"2781";39721.2029153003;42893.5802043813;38696.1915182274;39469.293555834;184314843516.7;750755023763.86;"2022-04-24T23:59:59.999Z"
"2022-04-11T00:00:00.000Z";"2022-04-17T23:59:59.999Z";"2022-04-11T01:28:00.000Z";"2022-04-11T22:13:00.000Z";"2781";42201.0382303314;42424.5910371138;39373.0583284502;39716.9542258357;174652159708.66;755201997822.58;"2022-04-17T23:59:59.999Z"
"2022-04-04T00:00:00.000Z";"2022-04-10T23:59:59.999Z";"2022-04-05T12:38:00.000Z";"2022-04-10T22:53:00.000Z";"2781";46445.2716196297;47106.1397405311;42021.2068019349;42207.670963734;188557001876.86;802293412896.68;"2022-04-10T23:59:59.999Z"
"2022-03-28T00:00:00.000Z";"2022-04-03T23:59:59.999Z";"2022-03-28T19:36:00.000Z";"2022-04-01T02:58:00.000Z";"2781";46821.8502469343;48086.8367491568;44403.1410093413;46453.5670763172;223334181931.75;882703992270.53;"2022-04-03T23:59:59.999Z"
"2022-03-21T00:00:00.000Z";"2022-03-27T23:59:59.999Z";"2022-03-27T23:56:00.000Z";"2022-03-21T02:41:00.000Z";"2781";41246.1328484777;46827.5461945489;40668.0416965467;46820.4934636771;188591889758.23;889385706663.3;"2022-03-27T23:59:59.999Z"
"2022-03-14T00:00:00.000Z";"2022-03-20T23:59:59.999Z";"2022-03-19T21:41:00.000Z";"2022-03-14T00:16:00.000Z";"2781";37846.3164396237;42316.5544604012;37680.7344675775;41247.8234468342;184097042034.44;783260570383.75;"2022-03-20T23:59:59.999Z"
"2022-03-07T00:00:00.000Z";"2022-03-13T23:59:59.999Z";"2022-03-09T16:03:00.000Z";"2022-03-07T20:05:00.000Z";"2781";38429.3027830169;42465.6729111805;37260.2017138385;37849.6627995273;175966999155.82;718481905385.96;"2022-03-13T23:59:59.999Z"
"2022-02-28T00:00:00.000Z";"2022-03-06T23:59:59.999Z";"2022-03-02T15:04:00.000Z";"2022-02-28T00:59:00.000Z";"2781";37706.0012666457;45077.5769494305;37518.2146036468;38419.9833773926;187557375749.83;729062407067.33;"2022-03-06T23:59:59.999Z"
"2022-02-21T00:00:00.000Z";"2022-02-27T23:59:59.999Z";"2022-02-26T00:44:00.000Z";"2022-02-24T05:47:00.000Z";"2781";38423.2098719156;40005.3487264337;34459.2177282867;37709.7837534329;190469710083.08;715351995827.55;"2022-02-27T23:59:59.999Z"
"2022-02-14T00:00:00.000Z";"2022-02-20T23:59:59.999Z";"2022-02-15T23:49:00.000Z";"2022-02-20T14:23:00.000Z";"2781";42157.3991531626;44667.2169798202;38112.813944195;38431.3781154647;144975794550.83;728812385562.03;"2022-02-20T23:59:59.999Z"
"2022-02-07T00:00:00.000Z";"2022-02-13T23:59:59.999Z";"2022-02-10T17:19:00.000Z";"2022-02-07T00:50:00.000Z";"2781";42406.7813264058;45661.1731433747;41748.1553115415;42197.5153405276;176958095731.48;799950408997.29;"2022-02-13T23:59:59.999Z"
"2022-01-31T00:00:00.000Z";"2022-02-06T23:59:59.999Z";"2022-02-06T23:46:00.000Z";"2022-02-03T10:31:00.000Z";"2781";37920.2809909723;42500.7869325403;36375.5373396971;42412.4342359174;143977109317.75;803744511638.35;"2022-02-06T23:59:59.999Z"
"2022-01-24T00:00:00.000Z";"2022-01-30T23:59:59.999Z";"2022-01-26T19:10:00.000Z";"2022-01-24T11:07:00.000Z";"2781";36275.7329481249;38825.4086928912;33184.0595656615;37917.60273361;178727434895.36;718325967803.39;"2022-01-30T23:59:59.999Z"
"2022-01-17T00:00:00.000Z";"2022-01-23T23:59:59.999Z";"2022-01-20T16:07:00.000Z";"2022-01-22T10:14:00.000Z";"2781";43118.1201015099;43413.0239423642;34349.2491949516;36276.8046943699;196326044072.3;687012848062.33;"2022-01-23T23:59:59.999Z"
"2022-01-10T00:00:00.000Z";"2022-01-16T23:59:59.999Z";"2022-01-13T14:41:00.000Z";"2022-01-10T14:37:00.000Z";"2781";41910.2308272178;44278.4232566127;39796.571708349;43113.8801137778;199473804542.78;816211499220.99;"2022-01-16T23:59:59.999Z"
"2022-01-03T00:00:00.000Z";"2022-01-09T23:59:59.999Z";"2022-01-03T12:19:00.000Z";"2022-01-08T18:13:00.000Z";"2781";47343.543765149;47510.7261749285;40672.2754483568;41911.6015363357;276182787150.88;793156354744;"2022-01-09T23:59:59.999Z"
"2021-12-27T00:00:00.000Z";"2022-01-02T23:59:59.999Z";"2021-12-27T17:43:02.000Z";"2021-12-31T20:01:00.000Z";"2781";50802.6089327853;51956.3263547044;45819.9545532818;47345.220564253;203998848910.13;895688387523.14;"2022-01-02T23:59:59.999Z"
"2021-12-20T00:00:00.000Z";"2021-12-26T23:59:59.999Z";"2021-12-24T19:11:02.000Z";"2021-12-20T14:23:02.000Z";"2781";46707.0644512279;51814.0285054983;45579.8101425366;50809.5150128895;175052499791.39;960899995734.95;"2021-12-26T23:59:59.999Z"
"2021-12-13T00:00:00.000Z";"2021-12-19T23:59:59.999Z";"2021-12-13T00:17:02.000Z";"2021-12-18T02:06:02.000Z";"2781";50114.7409911263;50204.9982632709;45598.4426124471;46707.0148769996;214770398201.58;883011296029.52;"2021-12-19T23:59:59.999Z"
"2021-12-06T00:00:00.000Z";"2021-12-12T23:59:59.999Z";"2021-12-07T15:46:02.000Z";"2021-12-11T00:19:02.000Z";"2781";49413.4790992129;51934.7818955124;46942.3478207253;50098.3351363893;208148497531.9;946823114554.82;"2021-12-12T23:59:59.999Z"
"2021-11-29T00:00:00.000Z";"2021-12-05T23:59:59.999Z";"2021-11-30T15:17:04.000Z";"2021-12-04T05:28:02.000Z";"2781";57291.904734501;59113.4009013998;42874.6168583905;49368.8470992255;276690611811.11;932695365142.4;"2021-12-05T23:59:59.999Z"
"2021-11-22T00:00:00.000Z";"2021-11-28T23:59:59.999Z";"2021-11-25T16:05:02.000Z";"2021-11-26T23:59:02.000Z";"2781";58706.8493839442;59367.9679943132;53569.7639630968;57248.458375824;243930001010.55;1081180416261.97;"2021-11-28T23:59:59.999Z"
"2021-11-15T00:00:00.000Z";"2021-11-21T23:59:59.999Z";"2021-11-15T09:15:02.000Z";"2021-11-19T03:46:02.000Z";"2781";65521.2893420962;66281.5697112403;55705.1806847159;58730.4766386507;253419951009.38;1108812311532.82;"2021-11-21T23:59:59.999Z"
"2021-11-08T00:00:00.000Z";"2021-11-14T23:59:59.999Z";"2021-11-10T14:17:02.000Z";"2021-11-12T16:46:02.000Z";"2781";63344.0672220101;68789.6259389221;62333.913107848;65466.8410240344;259776276520.66;1235578996842.01;"2021-11-14T23:59:59.999Z"
"2021-11-01T00:00:00.000Z";"2021-11-07T23:59:59.999Z";"2021-11-02T16:02:02.000Z";"2021-11-01T04:03:02.000Z";"2781";61320.4494915952;64242.7948907842;59695.1830931488;63326.9890280992;227064607869.94;1194778776481.15;"2021-11-07T23:59:59.999Z"
"2021-10-25T00:00:00.000Z";"2021-10-31T23:59:59.999Z";"2021-10-25T16:54:02.000Z";"2021-10-28T18:40:02.000Z";"2781";60893.927575725;63729.325708052;58206.9178554768;61318.957766606;256114057651.43;1156485845063.1;"2021-10-31T23:59:59.999Z"
"2021-10-18T00:00:00.000Z";"2021-10-24T23:59:59.999Z";"2021-10-20T14:53:02.000Z";"2021-10-24T16:11:02.000Z";"2781";61548.8034342065;66930.3872709899;59643.3453781125;60930.8364421796;257856648062.75;1148743134467.63;"2021-10-24T23:59:59.999Z"
"2021-10-11T00:00:00.000Z";"2021-10-17T23:59:59.999Z";"2021-10-15T20:28:02.000Z";"2021-10-13T09:10:02.000Z";"2781";54734.124840616;62757.1297029724;54370.9732279075;61553.6173846995;277084548344.56;1160077513367.6;"2021-10-17T23:59:59.999Z"
"2021-10-04T00:00:00.000Z";"2021-10-10T23:59:59.999Z";"2021-10-10T20:27:02.000Z";"2021-10-04T15:03:02.000Z";"2781";48208.9076325084;56401.3042407744;47045.0037471323;54771.5791838546;261919545520.25;1031909532688.09;"2021-10-10T23:59:59.999Z"
"2021-09-27T00:00:00.000Z";"2021-10-03T23:59:59.999Z";"2021-10-03T18:06:02.000Z";"2021-09-29T00:16:02.000Z";"2781";43234.1849294127;49130.6922101816;40829.6692762765;48199.9515572655;223042115392.54;907791525235.94;"2021-10-03T23:59:59.999Z"
"2021-09-20T00:00:00.000Z";"2021-09-26T23:59:59.999Z";"2021-09-20T00:02:02.000Z";"2021-09-21T21:20:02.000Z";"2781";47261.4064989217;47328.1988417819;39787.6097979604;43208.5391045354;270099994433.51;813490665612.76;"2021-09-26T23:59:59.999Z"
"2021-09-13T00:00:00.000Z";"2021-09-19T23:59:59.999Z";"2021-09-18T09:20:02.000Z";"2021-09-13T14:20:02.000Z";"2781";46057.21532739;48791.7793722232;43591.3207849088;47260.2173314677;226141953164;889472404519.71;"2021-09-19T23:59:59.999Z"
"2021-09-06T00:00:00.000Z";"2021-09-12T23:59:59.999Z";"2021-09-07T03:22:30.000Z";"2021-09-07T15:10:03.000Z";"2781";51769.00432067;52853.7637963;43285.20858869;46063.27035709;293311066612.4;866636671661.83;"2021-09-12T23:59:59.999Z"
"2021-08-30T00:00:00.000Z";"2021-09-05T23:59:59.999Z";"2021-09-05T22:58:03.000Z";"2021-09-01T01:22:57.000Z";"2781";48834.85267752;51868.68163043;46562.43744881;51753.41192621;256225023618.01;973354882472.79;"2021-09-05T23:59:59.999Z"
"2021-08-23T00:00:00.000Z";"2021-08-29T23:59:59.999Z";"2021-08-23T11:56:03.000Z";"2021-08-27T00:21:13.000Z";"2781";49291.67737487;50482.07640834;46394.28309076;48829.8326;223947952687.7;918057300166.45;"2021-08-29T23:59:59.999Z"
"2021-08-16T00:00:00.000Z";"2021-08-22T23:59:59.999Z";"2021-08-21T17:52:03.000Z";"2021-08-19T04:19:03.000Z";"2781";47019.96132369;49717.0189234;43998.31551257;49321.65404941;236289722725.48;926961622395.32;"2021-08-22T23:59:59.999Z"
"2021-08-09T00:00:00.000Z";"2021-08-15T23:59:59.999Z";"2021-08-14T09:44:03.000Z";"2021-08-09T01:15:03.000Z";"2781";43791.92742356;48098.68409454;42848.68794765;47047.00454195;234268000892.18;883882942187.64;"2021-08-15T23:59:59.999Z"
"2021-08-02T00:00:00.000Z";"2021-08-08T23:59:59.999Z";"2021-08-08T06:43:03.000Z";"2021-08-05T12:47:03.000Z";"2781";39907.2628498;45282.35328436;37458.00399335;43798.11767796;277870527723.53;822545074286.19;"2021-08-08T23:59:59.999Z"
"2021-07-26T00:00:00.000Z";"2021-08-01T23:59:59.999Z";"2021-08-01T03:58:23.000Z";"2021-07-26T00:04:18.000Z";"2781";35384.02988451;42541.67948122;35287.3117098;39974.89602594;296428742216.51;750472428208.37;"2021-08-01T23:59:59.999Z"
"2021-07-19T00:00:00.000Z";"2021-07-25T23:59:59.999Z";"2021-07-25T23:57:11.000Z";"2021-07-20T14:18:13.000Z";"2781";31800.01263521;35364.92558378;29360.95583827;35350.18697353;156414750210.66;663401935102.73;"2021-07-25T23:59:59.999Z"
"2021-07-12T00:00:00.000Z";"2021-07-18T23:59:59.999Z";"2021-07-12T04:23:03.000Z";"2021-07-16T11:45:03.000Z";"2781";34254.01659458;34592.15560419;31100.67337243;31796.81013825;147501894178.56;596513309276.78;"2021-07-18T23:59:59.999Z"
"2021-07-05T00:00:00.000Z";"2021-07-11T23:59:59.999Z";"2021-07-05T00:00:03.000Z";"2021-07-08T11:05:03.000Z";"2781";35284.34443007;35284.34443007;32133.18272686;34240.18701074;178445862440.33;642138104626.48;"2021-07-11T23:59:59.999Z"
"2021-06-28T00:00:00.000Z";"2021-07-04T23:59:59.999Z";"2021-06-29T17:34:03.000Z";"2021-07-02T06:18:03.000Z";"2781";34679.12222205;36542.11101765;32770.68078046;35287.77976616;231729218471.14;661574836314.86;"2021-07-04T23:59:59.999Z"
"2021-06-21T00:00:00.000Z";"2021-06-27T23:59:59.999Z";"2021-06-21T00:03:03.000Z";"2021-06-22T13:56:03.000Z";"2781";35641.14606474;35721.63963385;28893.62165844;34649.64458753;305541799334.31;649461677014.12;"2021-06-27T23:59:59.999Z"
"2021-06-14T00:00:00.000Z";"2021-06-20T23:59:59.999Z";"2021-06-15T18:15:03.000Z";"2021-06-20T12:24:03.000Z";"2781";39016.9701778;41295.26857449;33432.07604413;35698.29644336;269949570052.75;668968868769.75;"2021-06-20T23:59:59.999Z"
"2021-06-07T00:00:00.000Z";"2021-06-13T23:59:59.999Z";"2021-06-13T20:59:03.000Z";"2021-06-08T15:25:03.000Z";"2781";35835.26550975;39322.78021188;31114.44247046;39097.86089667;298428017339.61;732465659891.78;"2021-06-13T23:59:59.999Z"
"2021-05-31T00:00:00.000Z";"2021-06-06T23:59:59.999Z";"2021-06-03T10:21:03.000Z";"2021-05-31T04:23:03.000Z";"2781";35658.59295707;39478.95118167;34241.94356094;35862.37772747;248884892724.01;671652557855.14;"2021-06-06T23:59:59.999Z"
"2021-05-24T00:00:00.000Z";"2021-05-30T23:59:59.999Z";"2021-05-26T08:03:03.000Z";"2021-05-30T00:43:03.000Z";"2781";34700.363568;40782.07818311;33520.73795924;35678.12920411;350206489990.12;667976638398.15;"2021-05-30T23:59:59.999Z"
"2021-05-17T00:00:00.000Z";"2021-05-23T23:59:59.999Z";"2021-05-17T00:02:03.000Z";"2021-05-19T13:10:03.000Z";"2781";46415.89925412;46623.55822816;30681.49691178;34770.58362292;563629210101.4;650686270744.28;"2021-05-23T23:59:59.999Z"
"2021-05-10T00:00:00.000Z";"2021-05-16T23:59:59.999Z";"2021-05-10T04:07:03.000Z";"2021-05-16T20:52:03.000Z";"2781";58250.87253094;59519.35442559;43963.35018635;46456.05847448;483967915938;869279076502.07;"2021-05-16T23:59:59.999Z"
"2021-05-03T00:00:00.000Z";"2021-05-09T23:59:59.999Z";"2021-05-08T20:30:03.000Z";"2021-05-05T00:03:03.000Z";"2781";56620.27262011;59464.61249257;52969.05536281;58232.3161419;458766142208.25;1089244557675.56;"2021-05-09T23:59:59.999Z"
"2021-04-26T00:00:00.000Z";"2021-05-02T23:59:59.999Z";"2021-05-01T01:55:03.000Z";"2021-04-26T00:05:03.000Z";"2781";49077.79236302;58448.33881062;48852.79684295;56631.07741255;335231529995.3;1058862005057.49;"2021-05-02T23:59:59.999Z"
"2021-04-19T00:00:00.000Z";"2021-04-25T23:59:59.999Z";"2021-04-19T08:04:03.000Z";"2021-04-25T21:43:03.000Z";"2781";56191.5841095;57520.05477733;47159.48584083;49004.25326318;444719708698.28;915955943256.31;"2021-04-25T23:59:59.999Z"
"2021-04-12T00:00:00.000Z";"2021-04-18T23:59:59.999Z";"2021-04-14T11:44:03.000Z";"2021-04-18T03:36:03.000Z";"2781";60175.94475711;64863.0989077;52829.53592647;56216.18500243;508118943572.02;1050445401609.72;"2021-04-18T23:59:59.999Z"
"2021-04-05T00:00:00.000Z";"2021-04-11T23:59:59.999Z";"2021-04-10T05:02:03.000Z";"2021-04-07T19:21:08.000Z";"2781";58760.87326121;61276.66536564;55604.02359245;60204.96491379;406637390978.85;1124635848775.45;"2021-04-11T23:59:59.999Z"
"2021-03-29T00:00:00.000Z";"2021-04-04T23:59:59.999Z";"2021-04-02T02:37:03.000Z";"2021-03-29T05:44:03.000Z";"2781";55947.8989665;60267.18765009;55139.34175909;58758.55629127;408348561550.28;1097232660348.16;"2021-04-04T23:59:59.999Z"
"2021-03-22T00:00:00.000Z";"2021-03-28T23:59:59.999Z";"2021-03-22T10:22:03.000Z";"2021-03-25T12:40:03.000Z";"2781";57517.89148833;58471.47864713;50856.5686854;55950.7457745;403128836644.44;1044446559059.06;"2021-03-28T23:59:59.999Z"
"2021-03-15T00:00:00.000Z";"2021-03-21T23:59:59.999Z";"2021-03-15T04:04:38.000Z";"2021-03-16T01:07:38.000Z";"2781";59267.4290492;60540.99271158;53555.02773503;57523.42098673;393542542226.48;1073417235408.43;"2021-03-21T23:59:59.999Z"
"2021-03-08T00:00:00.000Z";"2021-03-14T23:59:59.999Z";"2021-03-13T20:44:38.000Z";"2021-03-08T08:20:54.000Z";"2781";51174.1169466;61683.86401412;49506.05345768;59302.31697742;373838576722.01;1106226132524.59;"2021-03-14T23:59:59.999Z"
"2021-03-01T00:00:00.000Z";"2021-03-07T23:59:59.999Z";"2021-03-03T13:03:41.000Z";"2021-03-01T00:07:36.000Z";"2781";45159.50305253;52535.1357839;45115.09311478;51206.69295308;333113779408.26;954880954584.64;"2021-03-07T23:59:59.999Z"
"2021-02-22T00:00:00.000Z";"2021-02-28T23:59:59.999Z";"2021-02-22T00:01:43.000Z";"2021-02-28T18:01:48.000Z";"2781";57532.73886407;57533.38932549;43241.61822653;45137.77046805;766679775804.78;841428977514.57;"2021-02-28T23:59:59.999Z"
"2021-02-15T00:00:00.000Z";"2021-02-21T23:59:59.999Z";"2021-02-21T19:09:40.000Z";"2021-02-15T02:34:42.000Z";"2781";48696.53665993;58330.57214185;46347.47709171;57539.9436679;470533297169.24;1072263294724.94;"2021-02-21T23:59:59.999Z"
"2021-02-08T00:00:00.000Z";"2021-02-14T23:59:59.999Z";"2021-02-14T12:17:42.000Z";"2021-02-08T04:01:40.000Z";"2781";38886.82728995;49487.64087275;38076.32280719;48717.2902111;580021243857.71;907551330153.22;"2021-02-14T23:59:59.999Z"
"2021-02-01T00:00:00.000Z";"2021-02-07T23:59:59.999Z";"2021-02-06T16:02:41.000Z";"2021-02-01T00:30:43.000Z";"2781";33114.57724298;40846.54690329;32384.22810648;38903.44147971;449918619842.17;724478833211.11;"2021-02-07T23:59:59.999Z"
"2021-01-25T00:00:00.000Z";"2021-01-31T23:59:59.999Z";"2021-01-29T13:58:37.000Z";"2021-01-27T14:53:41.000Z";"2781";32285.79891345;38406.26096472;29367.13921776;33114.35774753;495037340010.46;616452744533.29;"2021-01-31T23:59:59.999Z"
"2021-01-18T00:00:00.000Z";"2021-01-24T23:59:59.999Z";"2021-01-19T16:13:35.000Z";"2021-01-22T01:19:41.000Z";"2781";35792.23666766;37755.89185872;28953.372751;32289.37808687;423439379849.68;600888568009.51;"2021-01-24T23:59:59.999Z"
"2021-01-11T00:00:00.000Z";"2021-01-17T23:59:59.999Z";"2021-01-14T15:37:38.000Z";"2021-01-11T16:47:40.000Z";"2781";38346.52950301;39966.40524241;30549.59876946;35791.27792129;508900951412.41;665831621390.99;"2021-01-17T23:59:59.999Z"
"2021-01-04T00:00:00.000Z";"2021-01-10T23:59:59.999Z";"2021-01-08T15:11:42.000Z";"2021-01-04T10:19:42.000Z";"2781";32810.94764381;41946.73935079;28722.75527058;38356.43950662;538834804974.89;713304617760.95;"2021-01-10T23:59:59.999Z"